time/total_timesteps,custom/cycle,rollout/ep_rew_mean,time/iterations,custom/pamdp_timestep,custom/seed,time/time_elapsed,custom/agent_name,time/fps,custom/agent_type,custom/env,rollout/ep_len_mean,train/entropy_loss,train/explained_variance,train/n_updates,train/approx_kl,train/std,train/policy_gradient_loss,train/learning_rate,train/clip_range,train/value_loss,train/clip_fraction,train/loss
2048,0,-8.791608640000002,1,2048,1,2,"PPO-PPO",701,"continuous","Goal-v0",1.43,,,,,,,,,,,
4096,1,-8.91713975,1,6144,1,2,"PPO-PPO",710,"continuous","Goal-v0",1.45,-5.66152126789093,0.02492392063140869,10,0.0072995424,0.9932305812835693,-0.006160723858920391,0.0003,0.2,33.487161023914815,0.066943359375,6.089071750640869
6144,2,-9.65613016,1,10240,1,2,"PPO-PPO",731,"continuous","Goal-v0",1.47,-5.6449938178062435,0.2156183123588562,20,0.007050081,0.9928961992263794,-0.00972964648681227,0.0003,0.2,8.98021079301834,0.0705078125,4.995988845825195
8192,3,-8.36831602,1,14336,1,2,"PPO-PPO",691,"continuous","Goal-v0",1.23,-5.653637650609016,0.4694560766220093,30,0.0072063673,0.9950281381607056,-0.007142798007407691,0.0003,0.2,7.111183017492294,0.0666015625,2.7167725563049316
10240,4,-8.45657239,1,18432,1,2,"PPO-PPO",685,"continuous","Goal-v0",1.22,-5.657768921554089,0.5017630457878113,40,0.0047082673,0.9964706897735596,-0.004965286840160843,0.0003,0.2,7.057807514816522,0.05810546875,4.012358665466309
12288,5,-8.026085179999999,1,22528,1,2,"PPO-PPO",713,"continuous","Goal-v0",1.25,-5.652179358899593,0.592932254076004,50,0.008697394,0.9931635856628418,-0.008916714957740624,0.0003,0.2,5.851961771398782,0.091357421875,2.01798152923584
14336,6,-8.135268040000001,1,26624,1,2,"PPO-PPO",728,"continuous","Goal-v0",1.21,-5.642404693365097,0.6235785484313965,60,0.011301087,0.9909564852714539,-0.00831799770166981,0.0003,0.2,5.679323853179812,0.1630859375,1.2066823244094849
16384,7,-7.68487998,1,30720,1,2,"PPO-PPO",739,"continuous","Goal-v0",1.11,-5.640259838104248,0.5703246891498566,70,0.008655697,0.9900286197662354,-0.008549064910039306,0.0003,0.2,5.309953847527504,0.100146484375,3.9369044303894043
18432,8,-7.9208051,1,34816,1,2,"PPO-PPO",714,"continuous","Goal-v0",1.12,-5.634441016614437,0.5545492470264435,80,0.014521217,0.9904989004135132,-0.007448061207833234,0.0003,0.2,5.2420706082135435,0.175048828125,3.491657257080078
20480,9,-8.545044359999999,1,38912,1,2,"PPO-PPO",683,"continuous","Goal-v0",1.23,-5.617279960215091,0.5763459205627441,90,0.010955082,0.9813754558563232,-0.009948884730692952,0.0003,0.2,5.857282441109419,0.1451171875,3.942568063735962
22528,10,-8.17516222,1,43008,1,2,"PPO-PPO",731,"continuous","Goal-v0",1.15,-5.599398173391819,0.666968047618866,100,0.008633361,0.9822720885276794,-0.009263016858312767,0.0003,0.2,5.2264238554984335,0.125927734375,3.911207914352417
24576,11,-7.994496590000001,1,47104,1,2,"PPO-PPO",754,"continuous","Goal-v0",1.1,-5.612575905025006,0.5963699519634247,110,0.019212369,0.9881554841995239,-0.010017103649443016,0.0003,0.2,5.40906396843493,0.194677734375,3.2992634773254395
26624,12,-7.61240238,1,51200,1,2,"PPO-PPO",743,"continuous","Goal-v0",1.08,-5.618104460835457,0.618450790643692,120,0.01324733,0.9823442101478577,-0.007471398864799994,0.0003,0.2,5.080936458706856,0.16845703125,0.9863026142120361
28672,13,-7.53654427,1,55296,1,2,"PPO-PPO",758,"continuous","Goal-v0",1.09,-5.594816155731678,0.5814412236213684,130,0.015717624,0.9786208868026733,-0.005314863826060901,0.0003,0.2,4.494308881089092,0.164892578125,2.5714709758758545
30720,14,-7.983106190000002,1,59392,1,2,"PPO-PPO",697,"continuous","Goal-v0",1.15,-5.576911377906799,0.4118918180465698,140,0.010331703,0.9737393856048584,-0.007417692001035902,0.0003,0.2,10.263529508560897,0.143408203125,2.367666244506836
32768,15,-8.510201209999998,1,63488,1,3,"PPO-PPO",675,"continuous","Goal-v0",1.2,-5.561307288706303,0.5939262211322784,150,0.011184663,0.9696469902992249,-0.008690690345247276,0.0003,0.2,6.1331189967691895,0.14462890625,4.163265228271484
34816,16,-8.671985320000001,1,67584,1,3,"PPO-PPO",659,"continuous","Goal-v0",1.2,-5.5512563526630405,0.5956968069076538,160,0.016036645,0.9697510004043579,-0.007793673184642103,0.0003,0.2,6.14364114254713,0.188330078125,4.472269058227539
36864,17,-8.380290689999999,1,71680,1,2,"PPO-PPO",706,"continuous","Goal-v0",1.17,-5.528683666884899,0.596455842256546,170,0.011270034,0.9584179520606995,-0.006862053863005713,0.0003,0.2,6.142384021729231,0.11513671875,2.7232251167297363
38912,18,-8.32798783,1,75776,1,3,"PPO-PPO",666,"continuous","Goal-v0",1.21,-5.493313243985176,0.5583593547344208,180,0.011223268,0.9546493291854858,-0.005008047487353906,0.0003,0.2,6.171927018091083,0.16201171875,3.236651659011841
40960,19,-7.763272990000001,1,79872,1,3,"PPO-PPO",609,"continuous","Goal-v0",1.21,-5.490723127126694,0.5572876930236816,190,0.014176766,0.9555256962776184,-0.008552479677746305,0.0003,0.2,7.037359857186675,0.16162109375,3.60426664352417
43008,20,-8.221054039999999,1,83968,1,3,"PPO-PPO",633,"continuous","Goal-v0",1.15,-5.484574316442012,0.5360188782215118,200,0.011393912,0.9532208442687988,-0.009997389427007874,0.0003,0.2,7.617610322684049,0.141796875,2.3841049671173096
45056,21,-7.210654179999999,1,88064,1,3,"PPO-PPO",626,"continuous","Goal-v0",1.18,-5.474670046567917,0.5180492401123047,210,0.011351799,0.9487366676330566,-0.007925808548316126,0.0003,0.2,8.189046049118042,0.147509765625,4.6106367111206055
47104,22,-8.041710800000002,1,92160,1,3,"PPO-PPO",602,"continuous","Goal-v0",1.21,-5.438429000973701,0.4482024312019348,220,0.016893823,0.9384065866470337,-0.00673838820803212,0.0003,0.2,10.802308716624974,0.17041015625,4.3101959228515625
49152,23,-8.54964732,1,96256,1,3,"PPO-PPO",631,"continuous","Goal-v0",1.19,-5.406109434366226,0.41721105575561523,230,0.0133553445,0.9328087568283081,-0.006298464495921507,0.0003,0.2,11.92969124019146,0.14794921875,4.357646942138672
51200,24,-8.71285351,1,100352,1,3,"PPO-PPO",623,"continuous","Goal-v0",1.27,-5.389141684770584,0.37869155406951904,240,0.008539295,0.9298846125602722,-0.004951130969857331,0.0003,0.2,17.57923096343875,0.111083984375,1.4787095785140991
53248,25,-7.635589339999999,1,104448,1,3,"PPO-PPO",610,"continuous","Goal-v0",1.21,-5.4025565803051,0.4376107454299927,250,0.01096251,0.9397827386856079,-0.005355370755569311,0.0003,0.2,11.747758281230926,0.118701171875,3.8543050289154053
55296,26,-8.411536360000001,1,108544,1,3,"PPO-PPO",624,"continuous","Goal-v0",1.24,-5.404582907259464,0.33273881673812866,260,0.011501456,0.9312308430671692,-0.010527796010137536,0.0003,0.2,16.988184882700445,0.1578125,2.494511127471924
57344,27,-7.514190939999999,1,112640,1,3,"PPO-PPO",615,"continuous","Goal-v0",1.24,-5.378495579957962,0.35645514726638794,270,0.009404309,0.92766273021698,-0.004032317279052222,0.0003,0.2,18.733909153193235,0.11630859375,6.233370304107666
59392,28,-7.95123703,1,116736,1,3,"PPO-PPO",603,"continuous","Goal-v0",1.23,-5.368059997260571,0.28850024938583374,280,0.015130995,0.9267779588699341,-0.004605477523000445,0.0003,0.2,24.6549072496593,0.1439453125,5.545856475830078
61440,29,-7.91949342,1,120832,1,3,"PPO-PPO",580,"continuous","Goal-v0",1.25,-5.365901009738446,0.4219157099723816,290,0.01202018,0.9277709126472473,-0.009415612678276375,0.0003,0.2,12.57735778838396,0.16826171875,4.763916015625
63488,30,-8.055982989999999,1,124928,1,3,"PPO-PPO",523,"continuous","Goal-v0",1.24,-5.369085668027401,0.3175157904624939,300,0.009613123,0.9289799928665161,-0.0034526791641837917,0.0003,0.2,24.669277388602495,0.131005859375,4.411952018737793
65536,31,-7.7651193,1,129024,1,3,"PPO-PPO",575,"continuous","Goal-v0",1.21,-5.374451707303524,0.28895658254623413,310,0.0076062223,0.9315245151519775,-0.00937519324979803,0.0003,0.2,25.037287049740552,0.1203125,4.744148254394531
67584,32,-8.22566772,1,133120,1,3,"PPO-PPO",601,"continuous","Goal-v0",1.29,-5.382507368922234,0.23685705661773682,320,0.0061373175,0.9317991733551025,-0.004497904406161979,0.0003,0.2,32.23676371723413,0.11611328125,3.4792873859405518
69632,33,-7.8120001100000005,1,137216,1,3,"PPO-PPO",625,"continuous","Goal-v0",1.2,-5.366922853887081,0.1570684313774109,330,0.007560851,0.9254862666130066,-0.008775661627441877,0.0003,0.2,53.78306056261063,0.09677734375,46.538570404052734
71680,34,-7.2831882299999995,1,141312,1,3,"PPO-PPO",587,"continuous","Goal-v0",1.28,-5.351603919267655,0.1972179412841797,340,0.009788368,0.9239593148231506,-0.011293426741031,0.0003,0.2,52.0427926287055,0.12509765625,3.9433462619781494
73728,35,-7.568607020000001,1,145408,1,3,"PPO-PPO",579,"continuous","Goal-v0",1.18,-5.343017642199993,0.1969248652458191,350,0.010021663,0.920539379119873,-0.008337667868181598,0.0003,0.2,46.14528075158596,0.13623046875,51.91518020629883
75776,36,-6.76777609,1,149504,1,3,"PPO-PPO",573,"continuous","Goal-v0",1.17,-5.330579084157944,0.20720988512039185,360,0.010787088,0.9194795489311218,-0.011909545975504443,0.0003,0.2,41.873665512353185,0.1568359375,4.488731384277344
77824,37,-6.90553918,1,153600,1,3,"PPO-PPO",572,"continuous","Goal-v0",1.22,-5.320852692425251,0.12920361757278442,370,0.007210347,0.9165664315223694,-0.008396630409697537,0.0003,0.2,73.5221077695489,0.1220703125,53.82710647583008
79872,38,-6.54665979,1,157696,1,3,"PPO-PPO",583,"continuous","Goal-v0",1.19,-5.3123876571655275,0.16662359237670898,380,0.01191791,0.916450560092926,-0.016460524982539936,0.0003,0.2,86.81803539395332,0.16669921875,26.50395393371582
81920,39,-6.643413010000001,1,161792,1,3,"PPO-PPO",595,"continuous","Goal-v0",1.23,-5.3089791387319565,0.15956330299377441,390,0.008555565,0.9145169258117676,-0.005987995160830905,0.0003,0.2,66.62426409721374,0.120263671875,29.4122371673584
83968,40,-4.15510938,1,165888,1,3,"PPO-PPO",546,"continuous","Goal-v0",1.21,-5.304577577114105,0.1704232096672058,400,0.011476163,0.9151488542556763,-0.007658235988492379,0.0003,0.2,83.38988928943873,0.13486328125,7.479477405548096
86016,41,-7.752418939999997,1,169984,1,3,"PPO-PPO",527,"continuous","Goal-v0",1.21,-5.298447135090828,0.17414361238479614,410,0.0069699334,0.9097686409950256,-0.007068731373510673,0.0003,0.2,105.27366323322057,0.141015625,69.59427642822266
88064,42,-6.46208049,1,174080,1,3,"PPO-PPO",551,"continuous","Goal-v0",1.15,-5.278978624939919,0.20811688899993896,420,0.008397257,0.9085109829902649,-0.007299963630066486,0.0003,0.2,83.73039644062519,0.095751953125,47.04302215576172
90112,43,-5.55565938,1,178176,1,3,"PPO-PPO",542,"continuous","Goal-v0",1.19,-5.25555716753006,0.19496798515319824,430,0.00813324,0.9009653329849243,-0.005504379046033137,0.0003,0.2,90.03489244133235,0.124853515625,43.98056411743164
92160,44,-5.81581955,1,182272,1,3,"PPO-PPO",585,"continuous","Goal-v0",1.2,-5.213025757670403,0.2017090916633606,440,0.0115506835,0.8895730376243591,-0.00451650735012663,0.0003,0.2,97.75389802455902,0.09560546875,45.60109329223633
94208,45,-6.172036309999998,1,186368,1,3,"PPO-PPO",524,"continuous","Goal-v0",1.19,-5.1665779769420626,0.1905321478843689,450,0.013274972,0.8824432492256165,-0.00289532568276627,0.0003,0.2,105.70508524775505,0.119677734375,62.6732177734375
96256,46,-5.4262701400000015,1,190464,1,3,"PPO-PPO",543,"continuous","Goal-v0",1.14,-5.143592828512192,0.23339754343032837,460,0.012244422,0.8788917064666748,-0.008969818897458025,0.0003,0.2,119.74422829151153,0.144677734375,48.373138427734375
98304,47,-5.895108120000001,1,194560,1,3,"PPO-PPO",526,"continuous","Goal-v0",1.18,-5.118313218653202,0.23061788082122803,470,0.011537412,0.8740141987800598,-0.0013101678843668197,0.0003,0.2,118.89997446537018,0.085546875,58.319419860839844
100352,48,-5.8072674300000005,1,198656,1,3,"PPO-PPO",526,"continuous","Goal-v0",1.2,-5.084461186826229,0.21853315830230713,480,0.0072550634,0.8646586537361145,-0.0027106657122203614,0.0003,0.2,118.7949159115553,0.09140625,45.11693572998047
102400,49,-5.85322854,1,202752,1,3,"PPO-PPO",531,"continuous","Goal-v0",1.21,-5.0352618709206585,0.19763463735580444,490,0.00820654,0.8544104099273682,-0.002668617221934255,0.0003,0.2,122.3118918299675,0.1240234375,144.0413360595703
104448,50,-7.054077980000001,1,206848,1,3,"PPO-PPO",531,"continuous","Goal-v0",1.25,-5.009669585525989,0.2364405393600464,500,0.011472275,0.8552367687225342,-0.004688454708593781,0.0003,0.2,121.28711441159248,0.111474609375,76.10139465332031
106496,51,-6.876164169999998,1,210944,1,3,"PPO-PPO",539,"continuous","Goal-v0",1.13,-5.001032450795174,0.19151383638381958,510,0.009156179,0.8522605895996094,-0.0028580182610312478,0.0003,0.2,117.97192393541336,0.108837890625,64.3089828491211
108544,52,-3.6924959699999995,1,215040,1,3,"PPO-PPO",564,"continuous","Goal-v0",1.27,-4.9756328269839285,0.23527830839157104,520,0.0063878098,0.8458064794540405,-0.0022130557299533393,0.0003,0.2,111.93993437588215,0.120947265625,24.679397583007812
110592,53,-7.00983098,1,219136,1,3,"PPO-PPO",523,"continuous","Goal-v0",1.28,-4.946882510185242,0.22308611869812012,530,0.009433711,0.8398618698120117,-0.002209772277274169,0.0003,0.2,115.08360962569714,0.113671875,42.74875259399414
112640,54,-4.94604314,1,223232,1,3,"PPO-PPO",513,"continuous","Goal-v0",1.24,-4.916196872293949,0.220900297164917,540,0.012782041,0.8342730402946472,-0.003851782778656343,0.0003,0.2,143.64713277816773,0.138330078125,68.19861602783203
114688,55,-5.3484186,1,227328,1,3,"PPO-PPO",530,"continuous","Goal-v0",1.17,-4.876811952888966,0.2298855185508728,550,0.008330813,0.8282480239868164,-0.004138319558114745,0.0003,0.2,117.2222265779972,0.118017578125,35.547019958496094
116736,56,-5.38029148,1,231424,1,3,"PPO-PPO",548,"continuous","Goal-v0",1.14,-4.835937322676182,0.2177538275718689,560,0.013007909,0.8182933330535889,-0.004794832985498943,0.0003,0.2,117.70571349263192,0.1447265625,23.92595672607422
118784,57,-5.43024271,1,235520,1,4,"PPO-PPO",505,"continuous","Goal-v0",1.26,-4.78119243234396,0.24560940265655518,570,0.008937601,0.810614824295044,-0.00633038838604989,0.0003,0.2,103.27082891464234,0.14296875,47.81047058105469
120832,58,-4.13071453,1,239616,1,3,"PPO-PPO",537,"continuous","Goal-v0",1.21,-4.74867113083601,0.24258345365524292,580,0.0103439335,0.8074542284011841,-0.0025129016124992632,0.0003,0.2,138.87028764784336,0.133447265625,54.35934066772461
122880,59,-5.96696479,1,243712,1,3,"PPO-PPO",519,"continuous","Goal-v0",1.18,-4.725279493629932,0.22571074962615967,590,0.012113671,0.8059059381484985,-0.002225638009258546,0.0003,0.2,133.076168012619,0.14375,50.263282775878906
124928,60,-6.5220641599999984,1,247808,1,4,"PPO-PPO",502,"continuous","Goal-v0",1.21,-4.710297697782517,0.23582708835601807,600,0.009900626,0.8041079044342041,-0.0009937404181982856,0.0003,0.2,134.5907712638378,0.111376953125,39.3685188293457
126976,61,-4.20962952,1,251904,1,4,"PPO-PPO",501,"continuous","Goal-v0",1.25,-4.689511905610561,0.24429261684417725,610,0.013169896,0.8030382990837097,-0.0018237082957057282,0.0003,0.2,145.73696379065512,0.167138671875,97.28504943847656
129024,62,-4.04719911,1,256000,1,3,"PPO-PPO",558,"continuous","Goal-v0",1.27,-4.666333900392056,0.266803503036499,620,0.012859707,0.7987645268440247,-0.00200818050034286,0.0003,0.2,125.85883768200874,0.139208984375,80.05699157714844
131072,63,-3.329697499999999,1,260096,1,4,"PPO-PPO",505,"continuous","Goal-v0",1.27,-4.631761237978935,0.2869342565536499,630,0.009381183,0.7935235500335693,-0.0024291634832479757,0.0003,0.2,167.64615099430085,0.11650390625,81.22685241699219
133120,64,-5.705670120000001,1,264192,1,3,"PPO-PPO",536,"continuous","Goal-v0",1.26,-4.589690554141998,0.29032695293426514,640,0.007954958,0.7849303483963013,-0.0027965257737378123,0.0003,0.2,145.33450843691827,0.131201171875,103.21855926513672
135168,65,-4.36290469,1,268288,1,3,"PPO-PPO",540,"continuous","Goal-v0",1.28,-4.567191934585571,0.2844553589820862,650,0.009668892,0.7878439426422119,5.578857671935111e-05,0.0003,0.2,143.00720161795616,0.121435546875,104.84043884277344
137216,66,-5.401421140000001,1,272384,1,3,"PPO-PPO",514,"continuous","Goal-v0",1.19,-4.5619270101189615,0.27986085414886475,660,0.008498689,0.786399245262146,-0.0004099363133718725,0.0003,0.2,135.28535196781158,0.1103515625,68.27367401123047
139264,67,-7.260272530000001,1,276480,1,3,"PPO-PPO",517,"continuous","Goal-v0",1.24,-4.512367179989814,0.27641576528549194,670,0.014803767,0.7729110717773438,2.6389128470327707e-05,0.0003,0.2,135.80027126073838,0.139697265625,84.08126068115234
141312,68,-3.592131850000001,1,280576,1,4,"PPO-PPO",454,"continuous","Goal-v0",1.2,-4.466688705980777,0.3243796229362488,680,0.007724724,0.7727352380752563,-0.001051249268493848,0.0003,0.2,127.23472270965576,0.1375,83.15181732177734
143360,69,-3.3146616,1,284672,1,4,"PPO-PPO",510,"continuous","Goal-v0",1.26,-4.463920579850674,0.3083633780479431,690,0.0071345987,0.7732316255569458,-0.0014860286813927815,0.0003,0.2,143.2762639760971,0.100830078125,45.8546257019043
145408,70,-5.827242839999999,1,288768,1,3,"PPO-PPO",514,"continuous","Goal-v0",1.19,-4.4685743123292925,0.30864471197128296,700,0.013513794,0.777877688407898,-0.002717329239385435,0.0003,0.2,157.57822734117508,0.1107421875,113.89861297607422
147456,71,-5.01156353,1,292864,1,3,"PPO-PPO",545,"continuous","Goal-v0",1.21,-4.478621895611286,0.20999211072921753,710,0.014404083,0.7810095548629761,0.0001017512819089461,0.0003,0.2,135.38821209073066,0.1341796875,26.157445907592773
149504,72,-4.96419128,1,296960,1,3,"PPO-PPO",537,"continuous","Goal-v0",1.23,-4.4510982751846315,0.3110883831977844,720,0.009341722,0.7688264846801758,-0.0036301964632002638,0.0003,0.2,143.6188014626503,0.125341796875,109.4641342163086
151552,73,-6.174211629999999,1,301056,1,3,"PPO-PPO",526,"continuous","Goal-v0",1.12,-4.413025723397732,0.30987560749053955,730,0.008429995,0.7694836854934692,-0.0010114754550158978,0.0003,0.2,146.3795152425766,0.1142578125,100.76653289794922
153600,74,-5.553145089999999,1,305152,1,3,"PPO-PPO",577,"continuous","Goal-v0",1.13,-4.379196994006634,0.2649127244949341,740,0.01565256,0.759353756904602,0.0005033966044720728,0.0003,0.2,132.82606241106987,0.119384765625,47.991737365722656
155648,75,-6.405154960000001,1,309248,1,3,"PPO-PPO",551,"continuous","Goal-v0",1.21,-4.349702626466751,0.3489443063735962,750,0.011731136,0.760601282119751,-0.0008261513998149894,0.0003,0.2,123.28328830599784,0.139599609375,60.926883697509766
157696,76,-6.635880879999999,1,313344,1,3,"PPO-PPO",560,"continuous","Goal-v0",1.15,-4.333809086680413,0.3368670344352722,760,0.014840399,0.7561465501785278,-0.0019396298717765602,0.0003,0.2,125.40876873135566,0.141845703125,108.9229736328125
159744,77,-5.556992029999999,1,317440,1,3,"PPO-PPO",532,"continuous","Goal-v0",1.25,-4.296701365709305,0.33154618740081787,770,0.014753349,0.7505886554718018,-0.0011474953375000042,0.0003,0.2,143.8519855558872,0.180029296875,13.43875789642334
161792,78,-6.14446397,1,321536,1,3,"PPO-PPO",518,"continuous","Goal-v0",1.17,-4.2693859592080114,0.33871591091156006,780,0.018872386,0.7495925426483154,-0.001305317557125818,0.0003,0.2,145.97553915977477,0.161669921875,80.59541320800781
163840,79,-3.4322617999999996,1,325632,1,3,"PPO-PPO",526,"continuous","Goal-v0",1.23,-4.261076332628727,0.3731123208999634,790,0.01623324,0.7514487504959106,-0.0038014677607861812,0.0003,0.2,134.87994984984397,0.175439453125,33.42177963256836
165888,80,-4.464636199999999,1,329728,1,3,"PPO-PPO",537,"continuous","Goal-v0",1.22,-4.23955205231905,0.3385208249092102,800,0.016060721,0.7456843256950378,-0.00028015221178065983,0.0003,0.2,165.3254838347435,0.13505859375,84.00993347167969
167936,81,-4.34862379,1,333824,1,3,"PPO-PPO",523,"continuous","Goal-v0",1.16,-4.217065909504891,0.2908206582069397,810,0.014277041,0.7437821626663208,-0.006029565601784271,0.0003,0.2,138.712468791008,0.17548828125,70.20442962646484
169984,82,-3.21807871,1,337920,1,3,"PPO-PPO",529,"continuous","Goal-v0",1.23,-4.200376261770725,0.36024266481399536,820,0.01337838,0.7433393001556396,-0.0032823156732774807,0.0003,0.2,147.5334491968155,0.16806640625,83.54720306396484
172032,83,-4.66823909,1,342016,1,3,"PPO-PPO",525,"continuous","Goal-v0",1.22,-4.174749517440796,0.37155473232269287,830,0.01068992,0.738231897354126,-0.005358752440224634,0.0003,0.2,153.10878586769104,0.156298828125,76.68547058105469
174080,84,-3.3300783599999995,1,346112,1,3,"PPO-PPO",518,"continuous","Goal-v0",1.22,-4.151875364780426,0.35189682245254517,840,0.013975369,0.736846923828125,-0.003537867040722631,0.0003,0.2,131.83438748717307,0.137939453125,36.77021789550781
176128,85,-3.16781185,1,350208,1,3,"PPO-PPO",519,"continuous","Goal-v0",1.17,-4.127181404829026,0.357674241065979,850,0.008695146,0.7310369610786438,-0.0031860293420322705,0.0003,0.2,159.20875540971755,0.157080078125,34.18844985961914
178176,86,-3.6118973300000006,1,354304,1,3,"PPO-PPO",537,"continuous","Goal-v0",1.23,-4.112435072660446,0.3922605514526367,860,0.01203007,0.7342511415481567,-0.0030879504265612923,0.0003,0.2,144.2819036900997,0.1505859375,52.99453353881836
180224,87,-6.417805809999999,1,358400,1,3,"PPO-PPO",545,"continuous","Goal-v0",1.1,-4.109473365545273,0.333537220954895,870,0.012825798,0.7328819036483765,0.0014946883005904966,0.0003,0.2,141.26183714270593,0.16025390625,66.79728698730469
182272,88,-5.732546169999999,1,362496,1,3,"PPO-PPO",521,"continuous","Goal-v0",1.24,-4.090113082528115,0.3235180974006653,880,0.026897203,0.7318635582923889,-0.004720340223138919,0.0003,0.2,140.39332040548325,0.184130859375,61.1002082824707
184320,89,-4.80093894,1,366592,1,3,"PPO-PPO",531,"continuous","Goal-v0",1.17,-4.05100970864296,0.3968629240989685,890,0.013621246,0.723121702671051,0.000330958368795109,0.0003,0.2,142.19702070951462,0.1443359375,90.34100341796875
186368,90,-4.719940010000001,1,370688,1,3,"PPO-PPO",554,"continuous","Goal-v0",1.21,-4.0213936358690265,0.3634592890739441,900,0.011988904,0.72188800573349,-0.003422906928608427,0.0003,0.2,135.9587248980999,0.166943359375,68.32521057128906
188416,91,-3.2647020499999995,1,374784,1,3,"PPO-PPO",534,"continuous","Goal-v0",1.23,-4.024840377271175,0.34945106506347656,910,0.012699048,0.7294636368751526,0.00017581018182681872,0.0003,0.2,157.27965536117554,0.151611328125,64.54507446289062
190464,92,-5.31644415,1,378880,1,3,"PPO-PPO",518,"continuous","Goal-v0",1.15,-4.0483900040388106,0.3956705927848816,920,0.015969137,0.7312831878662109,-0.00369381694617914,0.0003,0.2,140.26620810031892,0.17607421875,57.55393981933594
192512,93,-3.8174208500000004,1,382976,1,3,"PPO-PPO",513,"continuous","Goal-v0",1.14,-4.030221511423588,0.31445395946502686,930,0.012108611,0.7309033870697021,-0.002936452961876057,0.0003,0.2,137.3754489004612,0.174169921875,44.52560806274414
194560,94,-5.1072109900000005,1,387072,1,4,"PPO-PPO",467,"continuous","Goal-v0",1.25,-4.016324393451214,0.35558992624282837,940,0.016442195,0.7311910390853882,-0.002357080054935068,0.0003,0.2,132.6481708407402,0.192529296875,69.09334564208984
196608,95,-3.8243255299999994,1,391168,1,4,"PPO-PPO",475,"continuous","Goal-v0",1.22,-4.0126470312476155,0.36617398262023926,950,0.01862671,0.7334505319595337,0.0019066573855525347,0.0003,0.2,153.8028957128525,0.180029296875,92.46998596191406
198656,96,-4.9423505599999995,1,395264,1,4,"PPO-PPO",465,"continuous","Goal-v0",1.19,-3.9925309978425503,0.38614821434020996,960,0.015343985,0.7274537086486816,0.00037634784457623026,0.0003,0.2,159.44854440689087,0.143798828125,72.52066040039062
200704,97,-0.41677251000000026,1,399360,1,4,"PPO-PPO",478,"continuous","Goal-v0",1.26,-3.947212552279234,0.37718695402145386,970,0.019462328,0.7196845412254333,-0.0009503375928034075,0.0003,0.2,147.82538783550262,0.18037109375,83.71955871582031
202752,98,-3.80302149,1,403456,1,4,"PPO-PPO",498,"continuous","Goal-v0",1.17,-3.8967392571270465,0.40715479850769043,980,0.020076351,0.7132307887077332,0.0012629434884729562,0.0003,0.2,172.86201158761978,0.18701171875,211.58656311035156
204800,99,-4.2407223300000005,1,407552,1,3,"PPO-PPO",526,"continuous","Goal-v0",1.19,-3.8717262491583826,0.33323782682418823,990,0.01308375,0.7130463719367981,-0.0021078608740936035,0.0003,0.2,153.53760794401168,0.13984375,132.41236877441406
206848,100,-2.4748759200000006,1,411648,1,4,"PPO-PPO",466,"continuous","Goal-v0",1.2,-3.837316927313805,0.36785316467285156,1000,0.013289129,0.7079677581787109,-0.0023790737686795183,0.0003,0.2,151.80462889671327,0.189404296875,54.116119384765625
208896,101,-5.084730619999999,1,415744,1,4,"PPO-PPO",504,"continuous","Goal-v0",1.11,-3.7804140508174897,0.37558460235595703,1010,0.026466716,0.6969107389450073,0.0003627542886533774,0.0003,0.2,152.09562286138535,0.20810546875,104.80561828613281
210944,102,-4.929921270000001,1,419840,1,4,"PPO-PPO",503,"continuous","Goal-v0",1.15,-3.7413276113569736,0.38644659519195557,1020,0.017758746,0.6943018436431885,0.00018979817177751103,0.0003,0.2,173.2868356823921,0.167333984375,42.056419372558594
212992,103,-2.8773400399999995,1,423936,1,4,"PPO-PPO",488,"continuous","Goal-v0",1.14,-3.7180444076657295,0.45236968994140625,1030,0.013234469,0.6962750554084778,6.580765912076459e-05,0.0003,0.2,135.57387299537658,0.180908203125,87.55181121826172
215040,104,-6.580618809999999,1,428032,1,4,"PPO-PPO",477,"continuous","Goal-v0",1.1,-3.699755486100912,0.3755645155906677,1040,0.011898719,0.6939454674720764,-0.0031540305688395167,0.0003,0.2,160.42135124206544,0.17607421875,45.86361312866211
217088,105,-4.69522968,1,432128,1,4,"PPO-PPO",452,"continuous","Goal-v0",1.2,-3.685777482390404,0.4133700728416443,1050,0.014182519,0.6935928463935852,0.0016363583410566207,0.0003,0.2,137.08549553751945,0.1873046875,64.73970031738281
219136,106,-6.210980889999999,1,436224,1,4,"PPO-PPO",453,"continuous","Goal-v0",1.15,-3.6795099705457686,0.3386744260787964,1060,0.013434423,0.6925742626190186,-0.0013773245227639563,0.0003,0.2,153.2361146748066,0.183251953125,124.60174560546875
221184,107,-4.748393419999998,1,440320,1,4,"PPO-PPO",511,"continuous","Goal-v0",1.19,-3.6648359932005405,0.40284377336502075,1070,0.01905853,0.6928969621658325,-0.0032439967413665726,0.0003,0.2,164.4361908376217,0.181689453125,72.8113021850586
223232,108,-5.405986379999998,1,444416,1,4,"PPO-PPO",501,"continuous","Goal-v0",1.25,-3.656061737239361,0.370977520942688,1080,0.014921134,0.6892013549804688,-0.00089401498917141,0.0003,0.2,160.13028870224952,0.143603515625,67.25547790527344
225280,109,-3.35012084,1,448512,1,4,"PPO-PPO",448,"continuous","Goal-v0",1.14,-3.615473708510399,0.4381536841392517,1090,0.01861221,0.6848556399345398,-0.0012788626707333605,0.0003,0.2,144.58200799822808,0.191552734375,91.49874877929688
227328,110,-2.8715503900000012,1,452608,1,4,"PPO-PPO",473,"continuous","Goal-v0",1.25,-3.559003035724163,0.4184815287590027,1100,0.024228614,0.6754701137542725,0.0014189048270054627,0.0003,0.2,171.81410304307937,0.194921875,78.46300506591797
229376,111,-3.67627058,1,456704,1,4,"PPO-PPO",500,"continuous","Goal-v0",1.19,-3.5027781441807746,0.3547179698944092,1110,0.025676483,0.6681632995605469,5.920961411902681e-05,0.0003,0.2,181.32120512723924,0.1529296875,103.09728240966797
231424,112,-4.453208560000001,1,460800,1,4,"PPO-PPO",487,"continuous","Goal-v0",1.26,-3.4462479263544084,0.41582000255584717,1120,0.014937989,0.6600358486175537,0.003633249620907009,0.0003,0.2,152.7884227871895,0.201513671875,109.35124206542969
233472,113,-3.7638211499999996,1,464896,1,4,"PPO-PPO",489,"continuous","Goal-v0",1.16,-3.394937364012003,0.41565465927124023,1130,0.017602209,0.65500408411026,0.0008948575792601332,0.0003,0.2,167.89705970287324,0.205908203125,72.86317443847656
235520,114,-4.500405720000001,1,468992,1,4,"PPO-PPO",495,"continuous","Goal-v0",1.18,-3.3675943672657014,0.41467416286468506,1140,0.014771882,0.6507085561752319,-0.0010719204066845123,0.0003,0.2,168.4402052283287,0.173974609375,85.16622924804688
237568,115,-4.61171112,1,473088,1,4,"PPO-PPO",500,"continuous","Goal-v0",1.21,-3.361993094533682,0.41841238737106323,1150,0.016234023,0.6546921730041504,0.0016305100187310017,0.0003,0.2,155.6987769842148,0.229052734375,86.6093978881836
239616,116,-2.07621832,1,477184,1,4,"PPO-PPO",457,"continuous","Goal-v0",1.22,-3.3429620139300824,0.42673224210739136,1160,0.027030746,0.6446604132652283,-0.0012414543969498481,0.0003,0.2,155.11592438220978,0.206884765625,88.69073486328125
241664,117,-1.2192412700000004,1,481280,1,4,"PPO-PPO",502,"continuous","Goal-v0",1.2,-3.3145038351416587,0.36803895235061646,1170,0.016685668,0.6436958909034729,-0.0008169152803020552,0.0003,0.2,133.80322725772857,0.2005859375,70.47402954101562
243712,118,-2.6552654800000006,1,485376,1,4,"PPO-PPO",486,"continuous","Goal-v0",1.26,-3.293512137234211,0.43397241830825806,1180,0.018388022,0.6359291672706604,0.007388816037564539,0.0003,0.2,149.4048385500908,0.23779296875,138.9045867919922
245760,119,-3.77428877,1,489472,1,4,"PPO-PPO",485,"continuous","Goal-v0",1.17,-3.2611738443374634,0.4198973774909973,1190,0.023116801,0.6377657055854797,0.0029475548042682933,0.0003,0.2,163.83610402345658,0.194384765625,103.57241821289062
247808,120,-4.60704066,1,493568,1,4,"PPO-PPO",492,"continuous","Goal-v0",1.26,-3.241848372668028,0.4368218183517456,1200,0.014303688,0.6321659088134766,0.0027477068128064276,0.0003,0.2,172.82185621261596,0.16201171875,62.30082321166992
249856,121,-4.48385879,1,497664,1,4,"PPO-PPO",495,"continuous","Goal-v0",1.21,-3.224299241602421,0.44415825605392456,1210,0.0179815,0.63169264793396,0.002733807952972711,0.0003,0.2,149.69756268262864,0.199609375,90.43714141845703
251904,122,-4.491196189999999,1,501760,1,4,"PPO-PPO",467,"continuous","Goal-v0",1.15,-3.2170396357774735,0.3805333375930786,1220,0.009986209,0.6330884099006653,0.0017204715608386324,0.0003,0.2,179.85203471183777,0.18427734375,115.35416412353516
253952,123,-3.5896075199999995,1,505856,1,4,"PPO-PPO",509,"continuous","Goal-v0",1.14,-3.1907737769186495,0.42481082677841187,1230,0.016532566,0.6268379092216492,0.002958112563646864,0.0003,0.2,168.98810062408447,0.205615234375,84.21041870117188
256000,124,-1.9079798200000002,1,509952,1,4,"PPO-PPO",481,"continuous","Goal-v0",1.24,-3.167408704012632,0.397172212600708,1240,0.028621392,0.626177191734314,-0.0010670141178707126,0.0003,0.2,153.11016531586648,0.206640625,88.53800964355469
258048,125,-4.909742240000001,1,514048,1,3,"PPO-PPO",512,"continuous","Goal-v0",1.15,-3.1788157917559148,0.42196643352508545,1250,0.026170209,0.6276441216468811,-0.00043150888959644364,0.0003,0.2,161.5320953130722,0.203564453125,52.662742614746094
260096,126,-3.410001689999999,1,518144,1,4,"PPO-PPO",450,"continuous","Goal-v0",1.19,-3.1947030149400235,0.43063074350357056,1260,0.015078708,0.6301275491714478,-0.001558361107163364,0.0003,0.2,136.3963273048401,0.18857421875,155.8795623779297
262144,127,-2.41500872,1,522240,1,4,"PPO-PPO",485,"continuous","Goal-v0",1.24,-3.1877949856221677,0.42156291007995605,1270,0.02152028,0.6276329755783081,0.001170080783776939,0.0003,0.2,167.00596631765364,0.22236328125,57.979248046875
264192,128,-3.842512959999999,1,526336,1,4,"PPO-PPO",443,"continuous","Goal-v0",1.11,-3.176319916546345,0.43364936113357544,1280,0.017640635,0.6251838207244873,0.00014363105146912857,0.0003,0.2,146.0546347916126,0.211279296875,74.31024932861328
266240,129,-2.3178577600000008,1,530432,1,4,"PPO-PPO",486,"continuous","Goal-v0",1.22,-3.158211290091276,0.36035794019699097,1290,0.019942869,0.6236926317214966,0.004627797083230689,0.0003,0.2,154.77811880707742,0.203955078125,84.10060119628906
268288,130,-3.25702009,1,534528,1,4,"PPO-PPO",479,"continuous","Goal-v0",1.13,-3.140545393526554,0.4413294792175293,1300,0.016605916,0.6237814426422119,0.0014670716700493358,0.0003,0.2,134.54910903573037,0.18056640625,67.13574981689453
270336,131,-2.9789027499999996,1,538624,1,4,"PPO-PPO",498,"continuous","Goal-v0",1.19,-3.144991599023342,0.43500006198883057,1310,0.0145695,0.626990556716919,0.005157916191819822,0.0003,0.2,165.61912813186646,0.184375,102.35482788085938
272384,132,-5.545799289999999,1,542720,1,4,"PPO-PPO",493,"continuous","Goal-v0",1.15,-3.158309504389763,0.3721458911895752,1320,0.023914676,0.6285340189933777,0.0020830447429034393,0.0003,0.2,136.0304073035717,0.202783203125,69.72938537597656
274432,133,-1.9482914299999996,1,546816,1,4,"PPO-PPO",458,"continuous","Goal-v0",1.19,-3.164251886308193,0.4165905714035034,1330,0.031035379,0.6260741353034973,-0.002138878712503356,0.0003,0.2,139.70863834023476,0.208740234375,67.26976776123047
276480,134,-2.2058748899999996,1,550912,1,4,"PPO-PPO",448,"continuous","Goal-v0",1.21,-3.159231045097113,0.42237919569015503,1340,0.012588584,0.6248748302459717,0.0016330910388205667,0.0003,0.2,161.83633241653442,0.19814453125,85.91114807128906
278528,135,-3.3850518800000002,1,555008,1,4,"PPO-PPO",486,"continuous","Goal-v0",1.16,-3.139270131289959,0.4645118713378906,1350,0.023132745,0.6173340678215027,-0.002621148366597481,0.0003,0.2,150.20432013869285,0.212109375,83.38492584228516
280576,136,-5.15524736,1,559104,1,4,"PPO-PPO",488,"continuous","Goal-v0",1.15,-3.1213106818497183,0.40769249200820923,1360,0.012421131,0.6174553632736206,0.0034715848247287794,0.0003,0.2,138.81724807024003,0.190380859375,73.55744171142578
282624,137,-3.4776432900000005,1,563200,1,4,"PPO-PPO",476,"continuous","Goal-v0",1.24,-3.1089341886341573,0.43221014738082886,1370,0.031705786,0.6155825257301331,0.0032509824057342486,0.0003,0.2,148.13069419264792,0.205126953125,59.78279113769531
284672,138,-4.634481770000001,1,567296,1,4,"PPO-PPO",481,"continuous","Goal-v0",1.18,-3.0988814741373063,0.4247894287109375,1380,0.013316795,0.6121758818626404,0.0029265712892083684,0.0003,0.2,136.90025005936621,0.16162109375,68.66779327392578
286720,139,-1.82663038,1,571392,1,4,"PPO-PPO",455,"continuous","Goal-v0",1.25,-3.060563562810421,0.44238704442977905,1390,0.04314605,0.6072760820388794,0.0015372676214610692,0.0003,0.2,161.85203802585602,0.1611328125,82.73985290527344
288768,140,-3.0521712500000002,1,575488,1,4,"PPO-PPO",466,"continuous","Goal-v0",1.15,-3.014827484637499,0.41574597358703613,1400,0.015319699,0.6010544300079346,0.0005602130288025365,0.0003,0.2,169.12910123467447,0.147900390625,80.44509887695312
290816,141,-4.590690540000001,1,579584,1,4,"PPO-PPO",489,"continuous","Goal-v0",1.2,-2.9815489508211614,0.4175339341163635,1410,0.020654598,0.5997342467308044,0.0007795737277774606,0.0003,0.2,136.45567251443862,0.21748046875,19.465545654296875
292864,142,-3.6016970699999997,1,583680,1,4,"PPO-PPO",498,"continuous","Goal-v0",1.25,-2.958340433239937,0.44002974033355713,1420,0.0126620885,0.5969057679176331,0.003916019931784831,0.0003,0.2,146.33162560462952,0.211669921875,32.87223815917969
294912,143,-4.13220047,1,587776,1,4,"PPO-PPO",493,"continuous","Goal-v0",1.18,-2.9436546593904493,0.36460745334625244,1430,0.010297155,0.595867395401001,0.007693651118461276,0.0003,0.2,146.4282935500145,0.198291015625,60.8115234375
296960,144,-4.08235134,1,591872,1,3,"PPO-PPO",515,"continuous","Goal-v0",1.2,-2.937349906563759,0.39024829864501953,1440,0.012992058,0.5948553681373596,0.00010268514160998166,0.0003,0.2,162.35798832178116,0.1982421875,81.04881286621094
299008,145,-3.0337494899999995,1,595968,1,3,"PPO-PPO",523,"continuous","Goal-v0",1.25,-2.9363768704235556,0.4489240050315857,1450,0.022687944,0.5926350951194763,0.0029803575904225,0.0003,0.2,164.1967717528343,0.167724609375,115.77300262451172
301056,146,-4.798112850000001,1,600064,1,3,"PPO-PPO",523,"continuous","Goal-v0",1.16,-2.9319882437586786,0.47426754236221313,1460,0.009822302,0.5911576151847839,0.00072803359835234,0.0003,0.2,154.2837485194206,0.131591796875,134.4155731201172
303104,147,-4.532650200000001,1,604160,1,4,"PPO-PPO",509,"continuous","Goal-v0",1.17,-2.9180207826197146,0.4186827540397644,1470,0.030155007,0.5867249965667725,-0.001412496251577977,0.0003,0.2,162.21469321250916,0.175439453125,64.30988311767578
305152,148,-4.957728009999999,1,608256,1,3,"PPO-PPO",520,"continuous","Goal-v0",1.13,-2.9029488608241083,0.45440733432769775,1480,0.012333313,0.5862976312637329,0.0017029673748766073,0.0003,0.2,145.69361114501953,0.184423828125,83.90635681152344
307200,149,-3.077781889999999,1,612352,1,4,"PPO-PPO",485,"continuous","Goal-v0",1.24,-2.8983043201267717,0.4067944288253784,1490,0.032966465,0.5898242592811584,-0.00017188975180033595,0.0003,0.2,152.30452663898467,0.228466796875,86.0560302734375
309248,150,-5.422093730000001,1,616448,1,3,"PPO-PPO",523,"continuous","Goal-v0",1.22,-2.8962086483836176,0.4295967221260071,1500,0.029505307,0.5893529057502747,0.0011704812190146186,0.0003,0.2,170.51787819862366,0.21435546875,157.13031005859375
311296,151,-4.90511121,1,620544,1,4,"PPO-PPO",502,"continuous","Goal-v0",1.17,-2.9106726184487344,0.41103583574295044,1510,0.032055013,0.5937643051147461,0.002495203372382093,0.0003,0.2,147.75051382780075,0.252490234375,56.30707931518555
313344,152,-4.9758909000000004,1,624640,1,4,"PPO-PPO",484,"continuous","Goal-v0",1.15,-2.9021085500717163,0.4089142084121704,1520,0.020831347,0.5926165580749512,0.001939176969608525,0.0003,0.2,146.28681313991547,0.1884765625,142.6855926513672
315392,153,-3.7196414300000002,1,628736,1,4,"PPO-PPO",484,"continuous","Goal-v0",1.15,-2.8853444814682008,0.39485281705856323,1530,0.01765997,0.591683030128479,0.0004705497707618633,0.0003,0.2,170.42116746902465,0.165478515625,59.89302062988281
317440,154,-2.93829483,1,632832,1,3,"PPO-PPO",517,"continuous","Goal-v0",1.19,-2.8578673928976057,0.39898359775543213,1540,0.02153125,0.5846028923988342,-0.002079251104441937,0.0003,0.2,174.3928545355797,0.184130859375,64.50601196289062
319488,155,-2.73538196,1,636928,1,4,"PPO-PPO",501,"continuous","Goal-v0",1.15,-2.829235786944628,0.39387041330337524,1550,0.01552301,0.585329532623291,-0.00044156593867228366,0.0003,0.2,166.7430893957615,0.225927734375,113.4178237915039
321536,156,-3.7227497499999997,1,641024,1,4,"PPO-PPO",497,"continuous","Goal-v0",1.24,-2.794794611632824,0.3617519736289978,1560,0.02581703,0.5811014771461487,-0.0031752708433486986,0.0003,0.2,166.85479427576064,0.231689453125,78.56602478027344
323584,157,-0.69867446,1,645120,1,4,"PPO-PPO",491,"continuous","Goal-v0",1.2,-2.780020345747471,0.45059776306152344,1570,0.021570276,0.5843295454978943,0.0036051924122148193,0.0003,0.2,135.87031527757645,0.225439453125,73.07167053222656
325632,158,-6.445073789999999,1,649216,1,4,"PPO-PPO",457,"continuous","Goal-v0",1.23,-2.7983239330351353,0.46148765087127686,1580,0.021152247,0.5898831486701965,0.0004500692803048878,0.0003,0.2,145.95609783232211,0.22236328125,30.25489616394043
327680,159,-3.6879103000000004,1,653312,1,4,"PPO-PPO",504,"continuous","Goal-v0",1.16,-2.7988579206168653,0.42597365379333496,1590,0.01566099,0.5900360941886902,0.00430879239938804,0.0003,0.2,151.36637558341027,0.20263671875,77.61737823486328
329728,160,-2.5993145300000005,1,657408,1,4,"PPO-PPO",476,"continuous","Goal-v0",1.18,-2.8035465233027934,0.42558228969573975,1600,0.010974562,0.5949122905731201,0.0009653987297497224,0.0003,0.2,151.4372658252716,0.214453125,60.60518264770508
331776,161,-5.115053929999999,1,661504,1,4,"PPO-PPO",496,"continuous","Goal-v0",1.15,-2.777208214253187,0.35690778493881226,1610,0.015926711,0.5853700041770935,0.0002494108433893416,0.0003,0.2,143.4124395608902,0.18935546875,62.336055755615234
333824,162,-1.82683233,1,665600,1,4,"PPO-PPO",485,"continuous","Goal-v0",1.28,-2.730264391005039,0.43261587619781494,1620,0.013772375,0.5803515315055847,0.0041725694158230905,0.0003,0.2,158.41869736909865,0.216748046875,104.21357727050781
335872,163,-2.2311316300000006,1,669696,1,4,"PPO-PPO",476,"continuous","Goal-v0",1.19,-2.6960940696299076,0.4010481834411621,1630,0.022049624,0.5761364698410034,0.0006263730712817051,0.0003,0.2,158.22279080152512,0.20693359375,31.149137496948242
337920,164,-4.73623762,1,673792,1,4,"PPO-PPO",495,"continuous","Goal-v0",1.15,-2.6600418955087664,0.4480413794517517,1640,0.03804623,0.5695966482162476,0.007647786573215853,0.0003,0.2,171.86430803537368,0.236572265625,76.95657348632812
339968,165,-2.98099172,1,677888,1,4,"PPO-PPO",487,"continuous","Goal-v0",1.18,-2.6538745403289794,0.44359320402145386,1650,0.025258131,0.5738154053688049,0.0034508468444983008,0.0003,0.2,158.0384968161583,0.206591796875,74.23101043701172
342016,166,-1.13009059,1,681984,1,4,"PPO-PPO",491,"continuous","Goal-v0",1.22,-2.65826311185956,0.4534780979156494,1660,0.014003126,0.5731569528579712,0.0037744893816125114,0.0003,0.2,158.13779187202454,0.199169921875,77.80671691894531
344064,167,-4.5594628,1,686080,1,4,"PPO-PPO",501,"continuous","Goal-v0",1.11,-2.6603628769516945,0.41027241945266724,1670,0.01439805,0.5764963030815125,0.0037578293820843102,0.0003,0.2,162.39293723106385,0.212109375,91.57889556884766
346112,168,-4.430177629999999,1,690176,1,4,"PPO-PPO",492,"continuous","Goal-v0",1.18,-2.6362934313714503,0.4283362030982971,1680,0.013643849,0.5703378319740295,-0.001396090694470331,0.0003,0.2,142.5216315448284,0.22578125,53.345314025878906
348160,169,-3.1235459299999997,1,694272,1,4,"PPO-PPO",505,"continuous","Goal-v0",1.19,-2.602730169147253,0.45709359645843506,1690,0.01908125,0.567543625831604,0.00418949582381174,0.0003,0.2,146.09484295248984,0.251611328125,42.53774642944336
350208,170,-1.9848319600000002,1,698368,1,4,"PPO-PPO",464,"continuous","Goal-v0",1.27,-2.5723927773535253,0.43337494134902954,1700,0.025924083,0.5617021322250366,0.0048330843419535086,0.0003,0.2,152.5737355351448,0.237353515625,98.65868377685547
352256,171,-5.06796399,1,702464,1,4,"PPO-PPO",470,"continuous","Goal-v0",1.23,-2.5520091518759727,0.45201045274734497,1710,0.025440896,0.5606712102890015,0.002595587317773607,0.0003,0.2,166.00305050611496,0.20107421875,85.8916244506836
354304,172,-1.00775797,1,706560,1,4,"PPO-PPO",477,"continuous","Goal-v0",1.24,-2.5336066491901876,0.4332822561264038,1720,0.028303873,0.5536067485809326,0.0021819432913616765,0.0003,0.2,158.4590896129608,0.200927734375,73.61306762695312
356352,173,-3.5519926099999997,1,710656,1,4,"PPO-PPO",445,"continuous","Goal-v0",1.23,-2.5120371855795383,0.4646983742713928,1730,0.019733835,0.5529725551605225,0.004152134443575051,0.0003,0.2,158.02771928310395,0.211767578125,47.62936782836914
358400,174,-1.1298480400000002,1,714752,1,12,"PPO-PPO",165,"continuous","Goal-v0",1.26,-2.5117444410920142,0.46268659830093384,1740,0.013872308,0.552020251750946,0.004822585546935443,0.0003,0.2,157.34235525131226,0.188671875,78.68148040771484
360448,175,-3.9146707,1,718848,1,4,"PPO-PPO",478,"continuous","Goal-v0",1.15,-2.5057056464254854,0.42010796070098877,1750,0.063552395,0.5494731664657593,0.004023830964433728,0.0003,0.2,169.36917657852172,0.260302734375,65.06937408447266
362496,176,-3.3319265300000005,1,722944,1,6,"PPO-PPO",319,"continuous","Goal-v0",1.18,-2.497803894430399,0.479783296585083,1760,0.014811315,0.549461841583252,0.002579192499979399,0.0003,0.2,172.27158868312836,0.205810546875,52.7087287902832
364544,177,-4.05776349,1,727040,1,4,"PPO-PPO",449,"continuous","Goal-v0",1.2,-2.502922248095274,0.4191620349884033,1770,0.017956043,0.5499626398086548,0.0057306881397380495,0.0003,0.2,162.4527524650097,0.213671875,65.95856475830078
366592,178,-3.7518996400000004,1,731136,1,4,"PPO-PPO",428,"continuous","Goal-v0",1.24,-2.4925451815128326,0.44081997871398926,1780,0.01629204,0.5452236533164978,-8.631499295006507e-05,0.0003,0.2,164.65769439935684,0.16533203125,27.068435668945312
368640,179,-1.8669444299999998,1,735232,1,4,"PPO-PPO",463,"continuous","Goal-v0",1.18,-2.4641583897173405,0.4036339521408081,1790,0.015721776,0.5422541499137878,-0.001536489089630777,0.0003,0.2,160.23498750925063,0.239892578125,90.9451675415039
370688,180,-3.58063152,1,739328,1,4,"PPO-PPO",472,"continuous","Goal-v0",1.2,-2.4667528592050076,0.4555744528770447,1800,0.014797598,0.541995644569397,0.004846996984269936,0.0003,0.2,167.0168171584606,0.18125,75.47481536865234
372736,181,-3.81904456,1,743424,1,4,"PPO-PPO",449,"continuous","Goal-v0",1.15,-2.443508241325617,0.4336756467819214,1810,0.021250341,0.5385467410087585,0.001586063161084894,0.0003,0.2,145.15237532258033,0.226171875,67.38382720947266
374784,182,-5.26310819,1,747520,1,4,"PPO-PPO",463,"continuous","Goal-v0",1.2,-2.44826725050807,0.42547404766082764,1820,0.022777112,0.5421105623245239,0.005939240279258229,0.0003,0.2,155.76473979949952,0.235009765625,46.92813491821289
376832,183,-4.05832163,1,751616,1,4,"PPO-PPO",479,"continuous","Goal-v0",1.23,-2.4667459435760977,0.4549502730369568,1830,0.024618609,0.5399066805839539,0.0028809901472413913,0.0003,0.2,158.35863789319993,0.221337890625,127.986572265625
378880,184,-5.249467470000001,1,755712,1,4,"PPO-PPO",456,"continuous","Goal-v0",1.19,-2.4722905911505224,0.42761504650115967,1840,0.011767762,0.5444586277008057,-0.0005598474192083814,0.0003,0.2,163.87466638088227,0.181396484375,68.51229858398438
380928,185,-0.016228779999999946,1,759808,1,4,"PPO-PPO",455,"continuous","Goal-v0",1.28,-2.4739520981907845,0.42504775524139404,1850,0.034798846,0.5442405343055725,0.002657899486075621,0.0003,0.2,149.44402136206628,0.24833984375,45.046504974365234
382976,186,-3.5373148000000003,1,763904,1,4,"PPO-PPO",454,"continuous","Goal-v0",1.22,-2.457181878387928,0.445629358291626,1860,0.02723885,0.5416697263717651,0.004308509728434729,0.0003,0.2,159.2274883210659,0.198046875,55.68856430053711
385024,187,-5.36749146,1,768000,1,4,"PPO-PPO",478,"continuous","Goal-v0",1.21,-2.4537525177001953,0.44531917572021484,1870,0.01655016,0.5431010127067566,0.004389535969676217,0.0003,0.2,172.33035875558852,0.2755859375,98.61199188232422
387072,188,-1.3224468300000003,1,772096,1,4,"PPO-PPO",459,"continuous","Goal-v0",1.22,-2.4580104455351828,0.4248548746109009,1880,0.022391867,0.544162392616272,0.0055900316845509225,0.0003,0.2,144.83681988716125,0.268896484375,99.7537841796875
389120,189,-2.31658408,1,776192,1,5,"PPO-PPO",352,"continuous","Goal-v0",1.21,-2.423473810404539,0.4370720386505127,1890,0.018373234,0.5360465049743652,0.0014997012876847293,0.0003,0.2,171.86639000177382,0.188525390625,80.9223861694336
391168,190,-4.2538446,1,780288,1,4,"PPO-PPO",428,"continuous","Goal-v0",1.25,-2.355576390773058,0.41139256954193115,1900,0.026009707,0.5261839628219604,-0.002900649955699919,0.0003,0.2,173.48680741786956,0.208935546875,97.39360046386719
393216,191,-5.5279451900000005,1,784384,1,4,"PPO-PPO",419,"continuous","Goal-v0",1.17,-2.3164586067199706,0.4393385648727417,1910,0.030833282,0.5273212194442749,0.004117917759140255,0.0003,0.2,170.4981436610222,0.230078125,93.45133972167969
395264,192,-3.07501086,1,788480,1,5,"PPO-PPO",403,"continuous","Goal-v0",1.19,-2.3147380851209163,0.47723615169525146,1920,0.01818679,0.5285427570343018,0.0064222048058582,0.0003,0.2,157.8239612340927,0.21865234375,107.03395080566406
397312,193,-1.12223324,1,792576,1,4,"PPO-PPO",439,"continuous","Goal-v0",1.25,-2.2912179335951803,0.44043397903442383,1930,0.03144791,0.5238876342773438,0.004148931222152897,0.0003,0.2,179.86190786361695,0.251904296875,103.58154296875
399360,194,-4.11454345,1,796672,1,4,"PPO-PPO",440,"continuous","Goal-v0",1.2,-2.2604986362159254,0.4889146685600281,1940,0.03048385,0.5221419930458069,0.005532843610126292,0.0003,0.2,166.08155583143235,0.240380859375,88.20340728759766
401408,195,-2.75488963,1,800768,1,4,"PPO-PPO",445,"continuous","Goal-v0",1.26,-2.2705543994903565,0.4653506875038147,1950,0.02598812,0.5297324657440186,0.0020199269481963713,0.0003,0.2,135.8610451102257,0.237744140625,38.13887023925781
403456,196,-5.282512810000001,1,804864,1,4,"PPO-PPO",462,"continuous","Goal-v0",1.13,-2.2804719142615797,0.4331079125404358,1960,0.025737416,0.5269845724105835,0.001451033814373659,0.0003,0.2,167.57254155874253,0.213720703125,17.50853729248047
405504,197,-6.0623049600000005,1,808960,1,4,"PPO-PPO",452,"continuous","Goal-v0",1.17,-2.2656201273202896,0.3984109163284302,1970,0.01947319,0.5257976651191711,0.0026354708985309116,0.0003,0.2,179.53252917528152,0.22216796875,94.57064819335938
407552,198,-1.2685729500000003,1,813056,1,4,"PPO-PPO",471,"continuous","Goal-v0",1.23,-2.261469006538391,0.45184576511383057,1980,0.032915264,0.5300567150115967,-0.0001443395158275962,0.0003,0.2,149.31201601624488,0.2283203125,61.187522888183594
409600,199,-3.859087,1,817152,1,4,"PPO-PPO",448,"continuous","Goal-v0",1.19,-2.258320838212967,0.45655518770217896,1990,0.023852207,0.5276414752006531,0.001850349235974136,0.0003,0.2,157.85928468704225,0.215283203125,67.80960845947266
411648,200,-4.179084830000001,1,821248,1,4,"PPO-PPO",440,"continuous","Goal-v0",1.18,-2.2514636322855948,0.44245684146881104,2000,0.041434728,0.527209997177124,0.0026311192734283393,0.0003,0.2,161.15193115472795,0.22978515625,66.02629089355469
413696,201,-2.4227742699999997,1,825344,1,4,"PPO-PPO",418,"continuous","Goal-v0",1.26,-2.253663386404514,0.4467052221298218,2010,0.02288735,0.5275341272354126,0.004059061284351628,0.0003,0.2,131.48815634250641,0.244140625,35.03927230834961
415744,202,-5.05279532,1,829440,1,4,"PPO-PPO",433,"continuous","Goal-v0",1.22,-2.253358093649149,0.45990025997161865,2020,0.0137308035,0.5290334224700928,0.004420647947699763,0.0003,0.2,166.14982784986495,0.21689453125,71.34326171875
417792,203,-5.022078100000001,1,833536,1,4,"PPO-PPO",449,"continuous","Goal-v0",1.15,-2.2427472352981566,0.48964381217956543,2030,0.029148253,0.526312530040741,0.005447776273649651,0.0003,0.2,135.93270547389983,0.245263671875,52.431705474853516
419840,204,-3.7132211699999997,1,837632,1,4,"PPO-PPO",465,"continuous","Goal-v0",1.19,-2.250951113551855,0.4425552487373352,2040,0.038542453,0.5315486788749695,-0.0011692542568198406,0.0003,0.2,155.58387033939363,0.22763671875,53.49036407470703
421888,205,-4.9741445099999995,1,841728,1,4,"PPO-PPO",486,"continuous","Goal-v0",1.22,-2.2415910489857196,0.4152485728263855,2050,0.03390506,0.5212842226028442,0.0032308397741871884,0.0003,0.2,165.811854493618,0.287548828125,90.04283142089844
423936,206,-3.2084589900000005,1,845824,1,4,"PPO-PPO",451,"continuous","Goal-v0",1.22,-2.2078947715461252,0.3965488076210022,2060,0.017299838,0.5169866681098938,0.0034745564982586073,0.0003,0.2,163.42993785142897,0.25107421875,70.16122436523438
425984,207,-2.88040598,1,849920,1,4,"PPO-PPO",458,"continuous","Goal-v0",1.26,-2.16717709377408,0.4202589988708496,2070,0.020738687,0.5112646818161011,0.002882894387585111,0.0003,0.2,147.649054902792,0.2552734375,85.11940002441406
428032,208,-4.246130299999999,1,854016,1,4,"PPO-PPO",442,"continuous","Goal-v0",1.12,-2.1411256797611715,0.4294809103012085,2080,0.028957509,0.5099732279777527,0.004879297774459701,0.0003,0.2,167.23508472442626,0.230078125,155.65313720703125
430080,209,-3.5384905799999995,1,858112,1,4,"PPO-PPO",451,"continuous","Goal-v0",1.2,-2.127274314314127,0.43534916639328003,2090,0.022132486,0.5072842836380005,0.0036486912194959586,0.0003,0.2,150.9109491109848,0.21171875,71.16475677490234
432128,210,-3.1903895400000004,1,862208,1,4,"PPO-PPO",427,"continuous","Goal-v0",1.19,-2.125500013679266,0.42948049306869507,2100,0.01727248,0.5085964798927307,0.005753003018617165,0.0003,0.2,148.24761275053024,0.215380859375,56.262939453125
434176,211,-3.9961086300000006,1,866304,1,4,"PPO-PPO",495,"continuous","Goal-v0",1.16,-2.112719586491585,0.4136410355567932,2110,0.03146782,0.5031046271324158,0.007101828075246885,0.0003,0.2,155.764994430542,0.254296875,24.95265769958496
436224,212,-4.58180212,1,870400,1,4,"PPO-PPO",460,"continuous","Goal-v0",1.14,-2.0998355194926264,0.4741758108139038,2120,0.029380906,0.5035417675971985,0.003232185355591355,0.0003,0.2,148.41443752646447,0.204931640625,57.435150146484375
438272,213,-4.90803716,1,874496,1,4,"PPO-PPO",483,"continuous","Goal-v0",1.17,-2.110768508911133,0.3806415796279907,2130,0.03309865,0.5052397847175598,0.005964292137650773,0.0003,0.2,155.51347177624703,0.2611328125,53.600528717041016
440320,214,-3.6206458,1,878592,1,3,"PPO-PPO",516,"continuous","Goal-v0",1.16,-2.103465896844864,0.47024405002593994,2140,0.020715035,0.5017415285110474,0.001993888147990219,0.0003,0.2,138.43135394454004,0.253759765625,26.624298095703125
442368,215,-5.692899799999999,1,882688,1,4,"PPO-PPO",491,"continuous","Goal-v0",1.24,-2.0951772063970564,0.46097755432128906,2150,0.027680758,0.5035898685455322,-0.0002548201315221377,0.0003,0.2,170.93626775741578,0.22568359375,101.06639862060547
444416,216,-1.9727920499999998,1,886784,1,4,"PPO-PPO",490,"continuous","Goal-v0",1.21,-2.084093958884478,0.4384347200393677,2160,0.021564597,0.5018129944801331,0.006262583110583364,0.0003,0.2,153.28712360858918,0.235693359375,130.4359893798828
446464,217,-4.37824525,1,890880,1,4,"PPO-PPO",497,"continuous","Goal-v0",1.14,-2.07486872151494,0.4365522265434265,2170,0.01541067,0.5013203024864197,0.0010536774425418116,0.0003,0.2,157.0448391199112,0.216162109375,111.7972183227539
448512,218,-5.0711236,1,894976,1,4,"PPO-PPO",496,"continuous","Goal-v0",1.18,-2.0637745916843415,0.41797178983688354,2180,0.017701097,0.4988669157028198,0.0025167678504658397,0.0003,0.2,154.11370737552642,0.198974609375,113.91455078125
450560,219,-4.0560772499999995,1,899072,1,4,"PPO-PPO",491,"continuous","Goal-v0",1.19,-2.0343267410993575,0.3991526961326599,2190,0.025016412,0.4946838617324829,0.0034534160295152105,0.0003,0.2,166.1266885995865,0.2322265625,97.16242218017578
452608,220,-6.442170470000001,1,903168,1,4,"PPO-PPO",511,"continuous","Goal-v0",1.11,-2.006802223622799,0.46509748697280884,2200,0.020490149,0.49019771814346313,0.008533896119479323,0.0003,0.2,139.3684754371643,0.231591796875,73.91094970703125
454656,221,-2.17163619,1,907264,1,4,"PPO-PPO",493,"continuous","Goal-v0",1.19,-1.991256707906723,0.3973516821861267,2210,0.026223864,0.4886159896850586,0.0030632229478214867,0.0003,0.2,148.8590657532215,0.21279296875,64.1095199584961
456704,222,-2.31125918,1,911360,1,4,"PPO-PPO",477,"continuous","Goal-v0",1.19,-1.9835481397807597,0.4330870509147644,2220,0.015190193,0.4849318563938141,0.004843001013068715,0.0003,0.2,176.46152837276458,0.206591796875,52.80339813232422
458752,223,-6.168857890000001,1,915456,1,4,"PPO-PPO",485,"continuous","Goal-v0",1.12,-1.9553437255322934,0.4147142171859741,2230,0.015815577,0.48050257563591003,0.005738242776715197,0.0003,0.2,170.0398102402687,0.216845703125,70.8725357055664
460800,224,-4.14277413,1,919552,1,4,"PPO-PPO",498,"continuous","Goal-v0",1.13,-1.9720380242913962,0.44265586137771606,2240,0.041328035,0.48763787746429443,0.004178241657064064,0.0003,0.2,134.8230539023876,0.283642578125,52.0560188293457
462848,225,-4.35538932,1,923648,1,4,"PPO-PPO",486,"continuous","Goal-v0",1.16,-1.9880153816193342,0.41843801736831665,2250,0.025049213,0.48757681250572205,0.007007093798893038,0.0003,0.2,145.75041773319245,0.22216796875,45.1336784362793
464896,226,-1.4137731699999998,1,927744,1,4,"PPO-PPO",471,"continuous","Goal-v0",1.17,-1.9917891204357148,0.417752206325531,2260,0.020094344,0.4908701181411743,0.0018460323197359684,0.0003,0.2,159.5753149807453,0.235400390625,32.403045654296875
466944,227,-1.90797929,1,931840,1,4,"PPO-PPO",475,"continuous","Goal-v0",1.2,-1.9804206036031247,0.43668293952941895,2270,0.02043844,0.4862474203109741,-0.001613876873307163,0.0003,0.2,167.00159668922424,0.2076171875,83.2906494140625
468992,228,-5.05712703,1,935936,1,4,"PPO-PPO",483,"continuous","Goal-v0",1.16,-1.9581136267632246,0.4481237530708313,2280,0.020064022,0.4840301275253296,0.0012033132370561361,0.0003,0.2,157.58258347511293,0.200244140625,60.64189147949219
471040,229,-4.335209860000001,1,940032,1,4,"PPO-PPO",481,"continuous","Goal-v0",1.15,-1.9271433945745229,0.35522663593292236,2290,0.09264691,0.48173198103904724,0.0074004552512633385,0.0003,0.2,124.38777703046799,0.278564453125,22.51215171813965
473088,230,-2.24217293,1,944128,1,4,"PPO-PPO",490,"continuous","Goal-v0",1.21,-1.900411134213209,0.42462337017059326,2300,0.018318482,0.47894996404647827,0.0050613786959729625,0.0003,0.2,165.7281186401844,0.209619140625,100.23258972167969
475136,231,-2.3074884699999996,1,948224,1,4,"PPO-PPO",488,"continuous","Goal-v0",1.18,-1.8906630463898182,0.4407152533531189,2310,0.026886072,0.4788302779197693,0.005633767429389991,0.0003,0.2,175.9928252875805,0.252001953125,48.28843307495117
477184,232,-3.921860369999999,1,952320,1,4,"PPO-PPO",468,"continuous","Goal-v0",1.23,-1.892288862913847,0.44285738468170166,2320,0.04107383,0.47777459025382996,0.0012256001136847772,0.0003,0.2,159.886645758152,0.227099609375,69.43854522705078
479232,233,-4.52464292,1,956416,1,4,"PPO-PPO",501,"continuous","Goal-v0",1.16,-1.8684302542358637,0.43853455781936646,2330,0.013000362,0.4736664891242981,-0.0007305964216357097,0.0003,0.2,164.63199025392532,0.196630859375,60.27993392944336
481280,234,-5.02642706,1,960512,1,4,"PPO-PPO",484,"continuous","Goal-v0",1.16,-1.8294194132089614,0.44208693504333496,2340,0.054166287,0.4704817831516266,0.003998737167785293,0.0003,0.2,141.1080769777298,0.2400390625,77.09272766113281
483328,235,-2.0830353699999997,1,964608,1,4,"PPO-PPO",495,"continuous","Goal-v0",1.16,-1.7994384959340095,0.39156413078308105,2350,0.066057995,0.46870601177215576,0.0017778319714125245,0.0003,0.2,162.43985468149185,0.249658203125,55.50178146362305
485376,236,-6.46880856,1,968704,1,4,"PPO-PPO",476,"continuous","Goal-v0",1.12,-1.7807897690683603,0.4585787057876587,2360,0.020239398,0.4665379822254181,0.0033883952361065893,0.0003,0.2,150.0206016778946,0.215087890625,43.23558044433594
487424,237,-4.8684766999999995,1,972800,1,4,"PPO-PPO",467,"continuous","Goal-v0",1.17,-1.7674478311091661,0.475117027759552,2370,0.016050512,0.4663831293582916,0.005934341391548514,0.0003,0.2,151.08871073722838,0.230908203125,63.722137451171875
489472,238,-3.7662452299999996,1,976896,1,4,"PPO-PPO",467,"continuous","Goal-v0",1.17,-1.7401289407163858,0.44613760709762573,2380,0.016693812,0.4603644013404846,0.0029371613927651197,0.0003,0.2,163.49672491550444,0.245361328125,71.85521697998047
491520,239,-5.76048994,1,980992,1,4,"PPO-PPO",466,"continuous","Goal-v0",1.19,-1.728083998709917,0.49046218395233154,2390,0.04418215,0.45896556973457336,0.005087361596815753,0.0003,0.2,142.97132583856583,0.27890625,69.29170989990234
493568,240,-3.3094151899999997,1,985088,1,4,"PPO-PPO",477,"continuous","Goal-v0",1.21,-1.7220064874738454,0.42220163345336914,2400,0.01423105,0.45763400197029114,0.005028020076861139,0.0003,0.2,157.69302703738214,0.217578125,64.79448699951172
495616,241,-4.20404398,1,989184,1,5,"PPO-PPO",387,"continuous","Goal-v0",1.18,-1.7061594400554896,0.428286612033844,2410,0.024303097,0.4561493396759033,0.0009444490358873736,0.0003,0.2,149.894799220562,0.223974609375,94.7090835571289
497664,242,-2.22474636,1,993280,1,4,"PPO-PPO",467,"continuous","Goal-v0",1.24,-1.6810054562985897,0.4179080128669739,2420,0.023657082,0.4519854187965393,0.0040264736511744555,0.0003,0.2,172.32822123765945,0.23828125,83.28441619873047
499712,243,-4.36819226,1,997376,1,5,"PPO-PPO",351,"continuous","Goal-v0",1.18,-1.661193573847413,0.4524616003036499,2430,0.020470567,0.4498903751373291,0.0008073343095020391,0.0003,0.2,151.4738401412964,0.2134765625,131.95504760742188
