time/total_timesteps,custom/cycle,rollout/ep_rew_mean,time/iterations,custom/pamdp_timestep,custom/seed,time/time_elapsed,custom/agent_name,time/fps,custom/agent_type,custom/env,rollout/ep_len_mean,train/entropy_loss,train/explained_variance,train/n_updates,train/approx_kl,train/policy_gradient_loss,train/learning_rate,train/clip_range,train/value_loss,train/clip_fraction,train/loss
2048,0,-7.72238193,1,0,1,2,"PPO-PPO",715,"discrete","Goal-v0",1.44,,,,,,,,,,
4096,1,-8.58693102,1,4096,1,2,"PPO-PPO",819,"discrete","Goal-v0",1.45,-1.0674785099923612,0.0680270791053772,10,0.038411744,-0.06883257120061899,0.0003,0.2,39.79125539213419,0.51923828125,5.452325820922852
6144,2,-7.14551615,1,8192,1,2,"PPO-PPO",1013,"discrete","Goal-v0",1.02,-0.8995130762457848,0.21353209018707275,20,0.17233503,-0.07966577855404466,0.0003,0.2,9.810848978161811,0.429150390625,4.758946895599365
8192,3,-7.070790310000001,1,12288,1,2,"PPO-PPO",1015,"discrete","Goal-v0",1.0,-0.7628814037889242,0.3832350969314575,30,0.012305388,-0.02223199536674656,0.0003,0.2,1.8020842805621213,0.0380859375,1.0292012691497803
10240,4,-7.0454006399999995,1,16384,1,1,"PPO-PPO",1025,"discrete","Goal-v0",1.0,-0.7301941128447652,0.46230340003967285,40,0.0149264615,-0.0196081989663071,0.0003,0.2,0.40881810184801,0.14228515625,0.07228943705558777
12288,5,-6.99502273,1,20480,1,1,"PPO-PPO",1054,"discrete","Goal-v0",1.0,-0.6977039191871881,0.36140167713165283,50,0.009660065,-0.008656919679197017,0.0003,0.2,0.3152399008977227,0.07607421875,0.23894214630126953
14336,6,-7.030108850000001,1,24576,1,2,"PPO-PPO",1006,"discrete","Goal-v0",1.0,-0.6611706666648388,0.529403567314148,60,0.010179985,-0.008306902390904725,0.0003,0.2,0.3942252286244184,0.02451171875,0.01771794632077217
16384,7,-7.09773844,1,28672,1,1,"PPO-PPO",1095,"discrete","Goal-v0",1.01,-0.5836716055870056,-0.2116907835006714,70,0.008826039,-0.0063858555280603465,0.0003,0.2,0.1513354079797864,0.062646484375,0.06958179175853729
18432,8,-6.9871919600000005,1,32768,1,1,"PPO-PPO",1126,"discrete","Goal-v0",1.0,-0.5303423317149282,0.18796223402023315,80,0.0010769813,-0.0038614739722106608,0.0003,0.2,0.15576330426847562,0.028564453125,0.040409576147794724
20480,9,-6.9608286700000015,1,36864,1,1,"PPO-PPO",1102,"discrete","Goal-v0",1.0,-0.487624598108232,0.09248745441436768,90,0.006702615,-0.011181563037098385,0.0003,0.2,0.12659759651869534,0.11220703125,0.009931953623890877
22528,10,-7.070565149999998,1,40960,1,1,"PPO-PPO",1121,"discrete","Goal-v0",1.02,-0.42499806312844157,0.22927868366241455,100,0.005640376,-0.00595558280692785,0.0003,0.2,0.13668743730522692,0.067626953125,0.028038863092660904
24576,11,-6.929652239999999,1,45056,1,1,"PPO-PPO",1044,"discrete","Goal-v0",1.0,-0.36265010070055725,0.22239822149276733,110,0.004002309,-0.00570510245161131,0.0003,0.2,0.18565800109645353,0.05537109375,0.05313516780734062
26624,12,-6.892039260000001,1,49152,1,1,"PPO-PPO",1040,"discrete","Goal-v0",1.0,-0.30954708959907296,0.0,120,0.0024692202,-0.0036900595878250897,0.0003,0.2,0.09006588899064809,0.042822265625,0.03253985568881035
28672,13,-6.9865276199999995,1,53248,1,1,"PPO-PPO",1076,"discrete","Goal-v0",1.0,-0.2651204902678728,-0.017134547233581543,130,0.0020331903,-0.0035505923195159996,0.0003,0.2,0.1024121439550072,0.032666015625,0.02493111789226532
30720,14,-6.914360979999999,1,57344,1,1,"PPO-PPO",1069,"discrete","Goal-v0",1.0,-0.22731842142529785,0.1104782223701477,140,0.0017766429,-0.002756139235862065,0.0003,0.2,0.11872177311452106,0.026318359375,0.04852810502052307
32768,15,-6.938628250000002,1,61440,1,1,"PPO-PPO",1130,"discrete","Goal-v0",1.0,-0.19003076925873758,-1.1920928955078125e-07,150,0.001454689,-0.0026658400587621146,0.0003,0.2,0.10322098982287571,0.02841796875,0.020612243562936783
34816,16,-6.99883786,1,65536,1,1,"PPO-PPO",1068,"discrete","Goal-v0",1.0,-0.15972076053731143,-1.1920928955078125e-07,160,0.0011732155,-0.0007314875430893153,0.0003,0.2,0.10871105156838894,0.010791015625,0.04367472231388092
36864,17,-6.87961763,1,69632,1,1,"PPO-PPO",1057,"discrete","Goal-v0",1.0,-0.13106047769542783,0.0,170,0.0009857962,-0.002149187188479118,0.0003,0.2,0.13186723981052637,0.023095703125,0.05117126181721687
38912,18,-6.837620529999999,1,73728,1,1,"PPO-PPO",1072,"discrete","Goal-v0",1.0,-0.10956342346034945,5.960464477539063e-08,180,0.0006485784,-0.001254118010547245,0.0003,0.2,0.11701493607833982,0.013525390625,0.056070487946271896
40960,19,-6.929954859999999,1,77824,1,1,"PPO-PPO",1059,"discrete","Goal-v0",1.0,-0.09460862460546196,5.960464477539063e-08,190,0.00029304417,-0.0003843395330477506,0.0003,0.2,0.1240434812149033,0.0048828125,0.06322277337312698
43008,20,-6.8427915399999995,1,81920,1,1,"PPO-PPO",1067,"discrete","Goal-v0",1.0,-0.07738438001833856,0.0,200,0.000532651,-0.000990572238515597,0.0003,0.2,0.1262483846512623,0.013623046875,0.06388486921787262
45056,21,-6.8385311899999985,1,86016,1,1,"PPO-PPO",1037,"discrete","Goal-v0",1.0,-0.06403381167910993,0.0,210,0.0004046631,-0.0011106823760201224,0.0003,0.2,0.12735980411525816,0.010107421875,0.06418395042419434
47104,22,-6.88982575,1,90112,1,1,"PPO-PPO",1096,"discrete","Goal-v0",1.0,-0.05403629199136049,0.0,220,0.00036153354,-0.00034969416810781695,0.0003,0.2,0.13553036299999804,0.005224609375,0.06735207140445709
49152,23,-6.832750450000001,1,94208,1,1,"PPO-PPO",1058,"discrete","Goal-v0",1.0,-0.04697635336779058,0.2779504656791687,230,0.00027288953,0.0004524677526205778,0.0003,0.2,0.19603575961664318,0.0046875,0.06967119872570038
51200,24,-6.80663433,1,98304,1,1,"PPO-PPO",1069,"discrete","Goal-v0",1.0,-0.03840069797588512,0.0,240,0.00011984739,-0.00014794780727243051,0.0003,0.2,0.13882200196385383,0.00205078125,0.05873613804578781
53248,25,-6.9250561300000015,1,102400,1,2,"PPO-PPO",1016,"discrete","Goal-v0",1.0,-0.03039565828512423,0.0,250,0.00016779895,-0.0005549006164073944,0.0003,0.2,0.18395586907863617,0.00478515625,0.07929659634828568
55296,26,-6.857727320000001,1,106496,1,1,"PPO-PPO",1059,"discrete","Goal-v0",1.0,-0.025005050923209638,0.0,260,0.00010502964,-0.00031016077991807833,0.0003,0.2,0.1572111597051844,0.002587890625,0.08474954962730408
57344,27,-6.80273607,1,110592,1,1,"PPO-PPO",1074,"discrete","Goal-v0",1.0,-0.01887670484720729,0.0,270,0.0002179016,-0.0005989329045405611,0.0003,0.2,0.16513404198922216,0.00361328125,0.08688453584909439
59392,28,-6.729358640000002,1,114688,1,1,"PPO-PPO",1108,"discrete","Goal-v0",1.0,-0.014832665529684163,0.0,280,0.00028172147,-0.0004762701268191449,0.0003,0.2,0.15705760295968502,0.0033203125,0.09032340347766876
61440,29,-6.857510620000002,1,118784,1,1,"PPO-PPO",1092,"discrete","Goal-v0",1.0,-0.01519082956656348,0.0,290,1.257105e-05,-1.1359329801052808e-05,0.0003,0.2,0.18261499190703034,0.000146484375,0.1311022788286209
63488,30,-6.869481209999999,1,122880,1,1,"PPO-PPO",1098,"discrete","Goal-v0",1.0,-0.013101824885234236,0.0,300,6.8108086e-05,-0.00020995240047341212,0.0003,0.2,0.1580326641444117,0.00166015625,0.08133023977279663
65536,31,-6.80403955,1,126976,1,1,"PPO-PPO",1096,"discrete","Goal-v0",1.0,-0.011907273426186294,0.0,310,2.0121224e-06,-1.5980491298250855e-06,0.0003,0.2,0.1800786631181836,0.0,0.08945061266422272
67584,32,-6.79385297,1,131072,1,1,"PPO-PPO",1071,"discrete","Goal-v0",1.0,-0.009383964852895587,0.0,320,4.398264e-05,-4.323564062360674e-05,0.0003,0.2,0.17568361076992006,0.00087890625,0.0893668532371521
69632,33,-6.729293699999999,1,135168,1,1,"PPO-PPO",1062,"discrete","Goal-v0",1.0,-0.007351293430838268,5.960464477539063e-08,330,3.6094076e-05,-0.00010570606027613395,0.0003,0.2,0.19537688205018638,0.00107421875,0.08170808851718903
71680,34,-6.748830429999999,1,139264,1,1,"PPO-PPO",1103,"discrete","Goal-v0",1.0,-0.0057262811518739905,0.0,340,1.4229066e-05,-8.228445294662378e-05,0.0003,0.2,0.1894114905502647,0.000439453125,0.09383558481931686
73728,35,-6.75583123,1,143360,1,1,"PPO-PPO",1061,"discrete","Goal-v0",1.0,-0.004780814687546808,0.0,350,6.908388e-05,8.079803956206888e-06,0.0003,0.2,0.1889474613359198,0.000634765625,0.08889687061309814
75776,36,-6.774828010000001,1,147456,1,1,"PPO-PPO",1059,"discrete","Goal-v0",1.0,-0.004490904559497721,0.0,360,0.0,1.6298145055770873e-10,0.0003,0.2,0.1894037294201553,0.0,0.08396703004837036
77824,37,-6.82409629,1,151552,1,1,"PPO-PPO",1111,"discrete","Goal-v0",1.0,-0.0027939994739426765,0.0,370,0.00020412833,-0.0002401702215138357,0.0003,0.2,0.19340201478917152,0.0013671875,0.09749924391508102
79872,38,-6.766507870000002,1,155648,1,1,"PPO-PPO",1084,"discrete","Goal-v0",1.0,-0.002698613135726191,-1.1920928955078125e-07,380,0.0,-6.220943760126829e-10,0.0003,0.2,0.19189634600188582,0.0,0.10820217430591583
81920,39,-6.723122720000001,1,159744,1,1,"PPO-PPO",1061,"discrete","Goal-v0",1.0,-0.0026986112352460623,5.960464477539063e-08,390,0.0,1.1292286217212676e-09,0.0003,0.2,0.2159813443897292,0.0,0.098294198513031
83968,40,-6.84144478,1,163840,1,1,"PPO-PPO",1064,"discrete","Goal-v0",1.0,-0.0018788562585541513,0.0,400,5.0469273e-05,-6.978148085181601e-05,0.0003,0.2,0.2141568207880482,0.000390625,0.08621466904878616
86016,41,-6.72644269,1,167936,1,2,"PPO-PPO",1012,"discrete","Goal-v0",1.0,-0.0020895769506751095,-1.1920928955078125e-07,410,3.1828997e-05,-1.3851039329892956e-05,0.0003,0.2,0.22529354400467128,0.000341796875,0.0863938182592392
88064,42,-6.761626230000001,1,172032,1,2,"PPO-PPO",1001,"discrete","Goal-v0",1.0,-0.0018373321068793302,0.0,420,2.0520733e-05,-7.32570537365973e-05,0.0003,0.2,0.2081221195869148,0.000439453125,0.11636347323656082
90112,43,-6.7756294399999994,1,176128,1,2,"PPO-PPO",984,"discrete","Goal-v0",1.0,-0.0018027225149126024,0.0,430,0.0,-4.496541805565357e-10,0.0003,0.2,0.19786894388962536,0.0,0.09047846496105194
92160,44,-6.793755339999999,1,180224,1,2,"PPO-PPO",1016,"discrete","Goal-v0",1.0,-0.001802721293643117,0.0,440,0.0,9.395080269314349e-10,0.0003,0.2,0.20382919313851744,0.0,0.12447094917297363
94208,45,-6.776298799999999,1,184320,1,1,"PPO-PPO",1028,"discrete","Goal-v0",1.0,-0.001802721293643117,0.0,450,0.0,5.209585651755333e-10,0.0003,0.2,0.21815422454383224,0.0,0.10430014878511429
96256,46,-6.79649718,1,188416,1,1,"PPO-PPO",1045,"discrete","Goal-v0",1.0,-0.001802721293643117,0.0,460,0.0,1.2078089639544487e-09,0.0003,0.2,0.21180124813690782,0.0,0.11879473924636841
98304,47,-6.772038500000001,1,192512,1,1,"PPO-PPO",1027,"discrete","Goal-v0",1.0,-0.001802721293643117,0.0,470,0.0,-5.646143108606338e-10,0.0003,0.2,0.20666041718795897,0.0,0.1092272475361824
100352,48,-6.7863012499999975,1,196608,1,2,"PPO-PPO",1022,"discrete","Goal-v0",1.0,-0.0013352980093259248,0.0,480,2.5205954e-06,-3.7773502845084296e-05,0.0003,0.2,0.2092641274444759,0.000830078125,0.11953409016132355
102400,49,-6.750214970000001,1,200704,1,1,"PPO-PPO",1034,"discrete","Goal-v0",1.0,-0.0009922704844939289,5.960464477539063e-08,490,0.0,6.184563972055912e-11,0.0003,0.2,0.21075267954729499,0.0,0.12218915671110153
104448,50,-6.7106597599999995,1,204800,1,2,"PPO-PPO",1014,"discrete","Goal-v0",1.0,-0.0009782639099285007,5.960464477539063e-08,500,0.0,-4.3437466956675055e-10,0.0003,0.2,0.22841313392855228,0.0,0.10430045425891876
106496,51,-6.7361804900000015,1,208896,1,1,"PPO-PPO",1042,"discrete","Goal-v0",1.0,-0.0006344614594127052,0.0,510,5.0894858e-05,-5.684029747499153e-05,0.0003,0.2,0.21141386860981584,0.00087890625,0.11966730654239655
108544,52,-6.74580519,1,212992,1,2,"PPO-PPO",1013,"discrete","Goal-v0",1.0,-0.000771390728186816,0.0,520,0.0,6.513801054097712e-10,0.0003,0.2,0.21711566660087556,0.0,0.07374297082424164
110592,53,-6.743167510000001,1,217088,1,2,"PPO-PPO",1009,"discrete","Goal-v0",1.0,-0.000771616178099066,0.0,530,0.0,2.8885551728308203e-10,0.0003,0.2,0.21221430860459806,0.0,0.0867585763335228
112640,54,-6.726021930000001,1,221184,1,1,"PPO-PPO",1026,"discrete","Goal-v0",1.0,-0.000771616178099066,-1.1920928955078125e-07,540,0.0,-4.5693013817071913e-10,0.0003,0.2,0.23499563354998826,0.0,0.10099273920059204
114688,55,-6.765971159999999,1,225280,1,2,"PPO-PPO",997,"discrete","Goal-v0",1.0,-0.000771616178099066,0.0,550,0.0,9.42964106798172e-10,0.0003,0.2,0.2245242016389966,0.0,0.12861327826976776
116736,56,-6.81162715,1,229376,1,2,"PPO-PPO",1010,"discrete","Goal-v0",1.0,-0.000771616178099066,5.960464477539063e-08,560,0.0,2.0547304302453993e-09,0.0003,0.2,0.22086008829064668,0.0,0.10302378237247467
118784,57,-6.747203219999999,1,233472,1,2,"PPO-PPO",1010,"discrete","Goal-v0",1.0,-0.000771616178099066,5.960464477539063e-08,570,0.0,1.284934114664793e-09,0.0003,0.2,0.2410944010829553,0.0,0.10722750425338745
120832,58,-6.7156842800000005,1,237568,1,2,"PPO-PPO",993,"discrete","Goal-v0",1.0,-0.000771616178099066,0.0,580,0.0,1.1232259566895664e-09,0.0003,0.2,0.22291161655448377,0.0,0.122077576816082
122880,59,-6.700785240000001,1,241664,1,2,"PPO-PPO",997,"discrete","Goal-v0",1.0,-0.000771616178099066,0.0,590,0.0,-5.704350769519806e-10,0.0003,0.2,0.22163317152298986,0.0,0.12357495725154877
124928,60,-6.68818327,1,245760,1,2,"PPO-PPO",972,"discrete","Goal-v0",1.0,-0.000771616178099066,0.0,600,0.0,3.739842213690281e-10,0.0003,0.2,0.2382826315239072,0.0,0.09430266916751862
126976,61,-6.73944474,1,249856,1,2,"PPO-PPO",938,"discrete","Goal-v0",1.0,-0.000771616178099066,0.0,610,0.0,1.997977960854769e-09,0.0003,0.2,0.2327930041588843,0.0,0.1305920034646988
129024,62,-6.742825950000001,1,253952,1,2,"PPO-PPO",935,"discrete","Goal-v0",1.0,-0.000771616178099066,0.0,620,0.0,-1.0928488336503505e-09,0.0003,0.2,0.2289151020348072,0.0,0.09453482925891876
131072,63,-6.718497670000001,1,258048,1,2,"PPO-PPO",1011,"discrete","Goal-v0",1.0,-0.0007716183456068393,5.960464477539063e-08,630,0.0,6.228219717741012e-10,0.0003,0.2,0.23135127616114914,0.0,0.12262245267629623
133120,64,-6.74793189,1,262144,1,1,"PPO-PPO",1051,"discrete","Goal-v0",1.0,-0.0007716154306763201,0.0,640,0.0,1.0913936421275139e-09,0.0003,0.2,0.22817932423204185,0.0,0.10439194738864899
135168,65,-6.772301140000001,1,266240,1,1,"PPO-PPO",1024,"discrete","Goal-v0",1.0,-0.000771610045376292,0.0,650,0.0,-5.969923222437501e-10,0.0003,0.2,0.2545902559068054,0.0,0.08923712372779846
137216,66,-6.69610935,1,270336,1,1,"PPO-PPO",1067,"discrete","Goal-v0",1.0,-0.0007716079184319824,-1.1920928955078125e-07,660,0.0,-1.310036168433726e-09,0.0003,0.2,0.23198511227965354,0.0,0.10863170027732849
139264,67,-6.762307260000001,1,274432,1,1,"PPO-PPO",1065,"discrete","Goal-v0",1.0,-0.0007715982113950304,0.0,670,0.0,-1.0011717677116394e-09,0.0003,0.2,0.23448372958227992,0.0,0.12577378749847412
141312,68,-6.676906089999999,1,278528,1,1,"PPO-PPO",1045,"discrete","Goal-v0",1.0,-0.0007715987750998466,0.0,680,0.0,3.754394128918648e-10,0.0003,0.2,0.22883700786624103,0.0,0.12879997491836548
143360,69,-6.75608722,1,282624,1,2,"PPO-PPO",848,"discrete","Goal-v0",1.0,-0.0007715868296145345,0.0,690,0.0,5.646143108606338e-10,0.0003,0.2,0.23282683207653462,0.0,0.14841096103191376
145408,70,-6.82140271,1,286720,1,1,"PPO-PPO",1025,"discrete","Goal-v0",1.0,-0.0007715951871432481,0.0,700,0.0,1.415355654899031e-09,0.0003,0.2,0.23669839859940112,0.0,0.12757658958435059
147456,71,-6.7474452399999985,1,290816,1,1,"PPO-PPO",1070,"discrete","Goal-v0",1.0,-0.0007715908002865035,-1.1920928955078125e-07,710,0.0,-9.888026397675276e-10,0.0003,0.2,0.25954679320566354,0.0,0.10037215054035187
149504,72,-6.69717066,1,294912,1,1,"PPO-PPO",1098,"discrete","Goal-v0",1.0,-0.0007715791452937992,0.0,720,0.0,-1.3049429981037974e-09,0.0003,0.2,0.2458997135050595,0.0,0.14323440194129944
151552,73,-6.6877692899999985,1,299008,1,1,"PPO-PPO",1090,"discrete","Goal-v0",1.0,-0.000771574989448709,5.960464477539063e-08,730,0.0,7.246853783726692e-10,0.0003,0.2,0.2479822921101004,0.0,0.17486606538295746
153600,74,-6.729502850000001,1,303104,1,1,"PPO-PPO",1078,"discrete","Goal-v0",1.0,-0.0007715934083535103,0.0,740,0.0,-1.6589183360338212e-10,0.0003,0.2,0.23644730872474612,0.0,0.11927682906389236
155648,75,-6.7310908099999995,1,307200,1,1,"PPO-PPO",1082,"discrete","Goal-v0",1.0,-0.001004987740816432,0.0,750,0.00010942458,3.595522357500158e-05,0.0003,0.2,0.2481044637504965,0.00078125,0.12901537120342255
157696,76,-6.728338689999999,1,311296,1,1,"PPO-PPO",1078,"discrete","Goal-v0",1.0,-0.0009916423594404477,0.0,760,0.0,2.255546860396862e-10,0.0003,0.2,0.2600598166231066,0.0,0.11748328059911728
159744,77,-6.70772992,1,315392,1,1,"PPO-PPO",1082,"discrete","Goal-v0",1.0,-0.0011688739650708158,0.0,770,2.8977694e-05,-4.056296893395483e-06,0.0003,0.2,1.8140949650667608,0.000341796875,0.09048983454704285
161792,78,-6.58013996,1,319488,1,2,"PPO-PPO",1022,"discrete","Goal-v0",1.0,-0.002372244215075625,0.0,780,0.00021808711,-9.527578713459661e-05,0.0003,0.2,0.24808302093297244,0.000439453125,0.117045558989048
163840,79,-6.70311155,1,323584,1,1,"PPO-PPO",1079,"discrete","Goal-v0",1.0,-0.0024827730347169565,0.0,790,0.0,-8.774804882705211e-10,0.0003,0.2,0.26645136121660473,0.0,0.11032404005527496
165888,80,-6.67651977,1,327680,1,1,"PPO-PPO",1068,"discrete","Goal-v0",1.0,-0.002482776530086994,-1.1920928955078125e-07,800,0.0,7.225025910884142e-10,0.0003,0.2,0.2753443194087595,0.0,0.13085556030273438
167936,81,-6.70755207,1,331776,1,1,"PPO-PPO",1028,"discrete","Goal-v0",1.0,-0.002482776530086994,0.0,810,0.0,-8.418282959610224e-10,0.0003,0.2,0.25105758793652055,0.0,0.14411696791648865
169984,82,-6.62302993,1,335872,1,1,"PPO-PPO",1045,"discrete","Goal-v0",1.0,-0.0040207917831139636,0.0,820,9.739108e-05,-9.074132685782388e-05,0.0003,0.2,0.26393850995227697,0.000439453125,0.15359742939472198
172032,83,-6.718362170000001,1,339968,1,1,"PPO-PPO",1057,"discrete","Goal-v0",1.0,-0.001972355992984376,-1.1920928955078125e-07,830,0.00027990455,-8.356179459951818e-05,0.0003,0.2,0.2688021420035511,0.00087890625,0.1114499494433403
174080,84,-6.67370454,1,344064,1,1,"PPO-PPO",1043,"discrete","Goal-v0",1.0,-0.001280030489215278,0.0,840,3.528659e-05,-4.643442443921231e-05,0.0003,0.2,0.2643235341645777,0.000830078125,0.11165130138397217
176128,85,-6.717428620000001,1,348160,1,1,"PPO-PPO",1044,"discrete","Goal-v0",1.0,-0.0005872020034075831,0.0,850,0.0001420833,-7.794274497427978e-05,0.0003,0.2,0.2592328510247171,0.000439453125,0.1253107786178589
178176,86,-6.73616174,1,352256,1,1,"PPO-PPO",1028,"discrete","Goal-v0",1.0,-0.0005697836899344111,1.1920928955078125e-07,860,0.0,-8.287315722554923e-10,0.0003,0.2,0.27402482642792164,0.0,0.1614590585231781
180224,87,-6.693225050000001,1,356352,1,2,"PPO-PPO",1001,"discrete","Goal-v0",1.0,-0.000569783675018698,0.0,870,0.0,-1.1510564945638179e-09,0.0003,0.2,0.27864242657087746,0.0,0.14860598742961884
182272,88,-6.734294700000001,1,360448,1,2,"PPO-PPO",1018,"discrete","Goal-v0",1.0,-0.000569783675018698,1.1920928955078125e-07,880,0.0,-8.456481737084686e-10,0.0003,0.2,0.26502843643538654,0.0,0.13117007911205292
184320,89,-6.642770499999999,1,364544,1,2,"PPO-PPO",1020,"discrete","Goal-v0",1.0,-0.000569783675018698,1.1920928955078125e-07,890,0.0,7.654307410120964e-10,0.0003,0.2,0.27517048115842047,0.0,0.16725470125675201
186368,90,-6.7057961299999995,1,368640,1,2,"PPO-PPO",1015,"discrete","Goal-v0",1.0,-0.000569783675018698,0.0,900,0.0,-3.92901711165905e-11,0.0003,0.2,0.26778910332359374,0.0,0.13439171016216278
188416,91,-6.724515220000001,1,372736,1,2,"PPO-PPO",1023,"discrete","Goal-v0",1.0,-0.000569783675018698,0.0,910,0.0,-5.820766091346741e-11,0.0003,0.2,0.2619554081466049,0.0,0.1570904701948166
190464,92,-6.76819912,1,376832,1,2,"PPO-PPO",829,"discrete","Goal-v0",1.0,-0.000569783675018698,0.0,920,0.0,1.9492290448397396e-09,0.0003,0.2,0.28018861170858145,0.0,0.11267785727977753
192512,93,-6.779459040000001,1,380928,1,2,"PPO-PPO",983,"discrete","Goal-v0",1.0,-0.000569783675018698,-1.1920928955078125e-07,930,0.0,1.9463186617940664e-09,0.0003,0.2,0.27832387639209627,0.0,0.1277415156364441
194560,94,-6.65980512,1,385024,1,2,"PPO-PPO",946,"discrete","Goal-v0",1.0,-0.000569783675018698,1.7881393432617188e-07,940,0.0,-6.548361852765083e-11,0.0003,0.2,0.28672434710897504,0.0,0.1600014716386795
196608,95,-6.64150107,1,389120,1,2,"PPO-PPO",943,"discrete","Goal-v0",1.0,-0.000569783675018698,0.0,950,0.0,-5.729816621169448e-10,0.0003,0.2,0.2789983426220715,0.0,0.10569354146718979
198656,96,-6.707162,1,393216,1,2,"PPO-PPO",1020,"discrete","Goal-v0",1.0,-0.000569783675018698,0.0,960,0.0,-8.149072527885437e-10,0.0003,0.2,0.28297759387642146,0.0,0.144674614071846
200704,97,-6.610634600000001,1,397312,1,2,"PPO-PPO",892,"discrete","Goal-v0",1.0,-0.0005697841850633267,-1.1920928955078125e-07,970,0.0,-1.4973920769989491e-09,0.0003,0.2,0.2789719401393086,0.0,0.13927021622657776
202752,98,-6.708078849999998,1,401408,1,2,"PPO-PPO",991,"discrete","Goal-v0",1.0,-0.000569783622995601,0.0,980,0.0,-6.315531209111213e-10,0.0003,0.2,0.2935863293707371,0.0,0.143416628241539
204800,99,-6.58981758,1,405504,1,2,"PPO-PPO",984,"discrete","Goal-v0",1.0,-0.0005697858687199187,1.1920928955078125e-07,990,0.0,8.425558917224407e-10,0.0003,0.2,0.2892752164974809,0.0,0.16105744242668152
206848,100,-6.700925319999999,1,409600,1,2,"PPO-PPO",992,"discrete","Goal-v0",1.0,-0.0005697926852008095,0.0,1000,0.0,-2.3101165425032377e-10,0.0003,0.2,0.2912543044891208,0.0,0.10329338908195496
208896,101,-6.63719737,1,413696,1,2,"PPO-PPO",903,"discrete","Goal-v0",1.0,-0.0005697927221262944,-1.1920928955078125e-07,1010,0.0,-3.14321368932724e-10,0.0003,0.2,0.27933261059224607,0.0,0.13875658810138702
210944,102,-6.74963009,1,417792,1,2,"PPO-PPO",1013,"discrete","Goal-v0",1.0,-0.0005698054972526733,0.0,1020,0.0,4.4165062718093397e-10,0.0003,0.2,0.3478144337423146,0.0,0.15957652032375336
212992,103,-6.756535739999999,1,421888,1,2,"PPO-PPO",941,"discrete","Goal-v0",1.0,-0.0005698074030078715,0.0,1030,0.0,-7.727066986262799e-10,0.0003,0.2,0.2881064165383577,0.0,0.1548280268907547
215040,104,-6.683159699999999,1,425984,1,2,"PPO-PPO",942,"discrete","Goal-v0",1.0,-0.0005697993843568838,0.0,1040,0.0,-2.444721758365631e-10,0.0003,0.2,0.2844908724538982,0.0,0.09771798551082611
217088,105,-6.64169971,1,430080,1,2,"PPO-PPO",941,"discrete","Goal-v0",1.0,-0.0005697917853467515,0.0,1050,0.0,3.3760443329811095e-10,0.0003,0.2,0.28414500169456003,0.0,0.15544024109840393
219136,106,-6.65352785,1,434176,1,2,"PPO-PPO",915,"discrete","Goal-v0",1.0,-0.0005697900794984889,0.0,1060,0.0,-7.003109203651547e-10,0.0003,0.2,0.2904922946356237,0.0,0.1727762073278427
221184,107,-6.671903559999999,1,438272,1,2,"PPO-PPO",943,"discrete","Goal-v0",1.0,-0.0005697872376913438,-1.1920928955078125e-07,1070,0.0,-1.1939846444875001e-09,0.0003,0.2,0.3010853510349989,0.0,0.1436464488506317
223232,108,-6.677278140000001,1,442368,1,2,"PPO-PPO",974,"discrete","Goal-v0",1.0,-0.0005697874161342042,0.0,1080,0.0,1.060107024386525e-09,0.0003,0.2,0.29405414606444535,0.0,0.14038950204849243
225280,109,-6.688471580000001,1,446464,1,2,"PPO-PPO",899,"discrete","Goal-v0",1.0,-0.0005698197084711865,-1.1920928955078125e-07,1090,0.0,-5.318725015968084e-10,0.0003,0.2,0.3276500546373427,0.0,0.14121025800704956
227328,110,-6.676138800000001,1,450560,1,2,"PPO-PPO",946,"discrete","Goal-v0",1.0,-0.0005698293609384564,0.0,1100,0.0,1.6676494851708411e-09,0.0003,0.2,0.29116017376072706,0.0,0.15590538084506989
229376,111,-6.6855774100000005,1,454656,1,2,"PPO-PPO",953,"discrete","Goal-v0",1.0,-0.000569824482590775,-1.1920928955078125e-07,1110,0.0,6.053596735000611e-10,0.0003,0.2,0.3132845312356949,0.0,0.12488760054111481
231424,112,-6.656945019999998,1,458752,1,2,"PPO-PPO",916,"discrete","Goal-v0",1.0,-0.00023086272658474628,0.0,1120,0.00024851062,-7.547560162493027e-05,0.0003,0.2,0.3165024014655501,0.000439453125,0.1706804633140564
233472,113,-6.625988190000002,1,462848,1,2,"PPO-PPO",961,"discrete","Goal-v0",1.0,-0.00019364000763744116,-1.1920928955078125e-07,1130,0.0,4.976755008101464e-10,0.0003,0.2,0.3111903242766857,0.0,0.2160869687795639
235520,114,-6.647770410000001,1,466944,1,2,"PPO-PPO",969,"discrete","Goal-v0",1.0,-0.00019364000763744116,0.0,1140,0.0,-3.65253072232008e-10,0.0003,0.2,0.284711211360991,0.0,0.16588717699050903
237568,115,-6.5840769,1,471040,1,2,"PPO-PPO",947,"discrete","Goal-v0",1.0,-0.00019364000763744116,0.0,1150,0.0,-2.7939677238464354e-10,0.0003,0.2,1.8855469973292203,0.0,0.13512004911899567
239616,116,-6.639732799999997,1,475136,1,2,"PPO-PPO",824,"discrete","Goal-v0",1.0,-0.00019364000763744116,0.0,1160,0.0,6.621121428906918e-10,0.0003,0.2,0.30778945884667336,0.0,0.1681586503982544
241664,117,-6.59232252,1,479232,1,2,"PPO-PPO",925,"discrete","Goal-v0",1.0,-0.00019364000763744116,0.0,1170,0.0,7.268681656569243e-10,0.0003,0.2,0.30459025762975217,0.0,0.16902434825897217
243712,118,-6.615121119999998,1,483328,1,2,"PPO-PPO",904,"discrete","Goal-v0",1.0,-0.00019364000763744116,1.1920928955078125e-07,1180,0.0,-2.626620698720217e-10,0.0003,0.2,0.3009785597678274,0.0,0.19787192344665527
245760,119,-6.672435630000001,1,487424,1,2,"PPO-PPO",933,"discrete","Goal-v0",1.0,-0.00019364000631867385,0.0,1190,0.0,1.1186784831807017e-09,0.0003,0.2,0.3097221451345831,0.0,0.15656353533267975
247808,120,-6.612623610000001,1,491520,1,2,"PPO-PPO",954,"discrete","Goal-v0",1.0,-0.00019363985252311976,0.0,1200,0.0,3.2596290111541746e-10,0.0003,0.2,0.30905996724031864,0.0,0.13443660736083984
249856,121,-6.616884659999999,1,495616,1,2,"PPO-PPO",921,"discrete","Goal-v0",1.0,-0.0001936396729433909,0.0,1210,0.0,1.2951204553246499e-10,0.0003,0.2,1.8841720573604106,0.0,0.1430494636297226
251904,122,-6.692721349999999,1,499712,1,2,"PPO-PPO",915,"discrete","Goal-v0",1.0,-0.0001936397050940286,1.1920928955078125e-07,1220,0.0,-1.57160684466362e-10,0.0003,0.2,0.3151373520027846,0.0,0.15601040422916412
253952,123,-6.61099624,1,503808,1,2,"PPO-PPO",922,"discrete","Goal-v0",1.0,-0.0001936399195528793,0.0,1230,0.0,4.656612873077393e-11,0.0003,0.2,0.3055341788101941,0.0,0.1635817289352417
256000,124,-6.676656749999999,1,507904,1,2,"PPO-PPO",836,"discrete","Goal-v0",1.0,-0.00019363973033250658,-1.1920928955078125e-07,1240,0.0,5.587935447692871e-10,0.0003,0.2,1.8862749009393156,0.0,0.15620072185993195
258048,125,-6.740007930000001,1,512000,1,2,"PPO-PPO",913,"discrete","Goal-v0",1.0,-0.00019364087306712464,0.0,1250,0.0,4.409230314195156e-10,0.0003,0.2,0.3125702752266079,0.0,0.1363457441329956
260096,126,-6.631226479999998,1,516096,1,2,"PPO-PPO",923,"discrete","Goal-v0",1.0,-0.00019364082600077382,0.0,1260,0.0,-5.966285243630409e-11,0.0003,0.2,0.3028634316753596,0.0,0.15028773248195648
262144,127,-6.667319130000001,1,520192,1,2,"PPO-PPO",923,"discrete","Goal-v0",1.0,-0.0001936391554409056,0.0,1270,0.0,1.2289092410355807e-09,0.0003,0.2,0.2982375978026539,0.0,0.13243523240089417
264192,128,-6.6281821,1,524288,1,2,"PPO-PPO",711,"discrete","Goal-v0",1.0,-0.00019363750870979857,0.0,1280,0.0,8.178176358342171e-10,0.0003,0.2,0.29933680556714537,0.0,0.13198062777519226
266240,129,-6.682550720000002,1,528384,1,2,"PPO-PPO",929,"discrete","Goal-v0",1.0,-0.00019363323303878133,0.0,1290,0.0,5.069523467682302e-10,0.0003,0.2,0.3063088645227253,0.0,0.2035147249698639
268288,130,-6.726616260000001,1,532480,1,2,"PPO-PPO",828,"discrete","Goal-v0",1.0,-0.00019363064725439472,0.0,1300,0.0,3.0267983675003053e-10,0.0003,0.2,0.3146358096972108,0.0,0.16213037073612213
270336,131,-6.578879579999999,1,536576,1,2,"PPO-PPO",941,"discrete","Goal-v0",1.0,-0.00019362885718692268,0.0,1310,0.0,-1.2409145710989834e-09,0.0003,0.2,1.8680024202913046,0.0,0.1460588127374649
272384,132,-6.774840530000001,1,540672,1,2,"PPO-PPO",916,"discrete","Goal-v0",1.0,-0.00019363186102054896,0.0,1320,0.0,9.589712135493756e-10,0.0003,0.2,0.32637066901661455,0.0,0.13076098263263702
274432,133,-6.6606508,1,544768,1,2,"PPO-PPO",916,"discrete","Goal-v0",1.0,-0.00019362336247468192,0.0,1330,0.0,9.509676601737737e-10,0.0003,0.2,0.3056849925313145,0.0,0.12407085299491882
276480,134,-6.634309729999999,1,548864,1,2,"PPO-PPO",884,"discrete","Goal-v0",1.0,-0.00019361222862244177,0.0,1340,0.0,-7.83620635047555e-10,0.0003,0.2,0.315599097777158,0.0,0.1988237202167511
278528,135,-6.703502469999998,1,552960,1,2,"PPO-PPO",901,"discrete","Goal-v0",1.0,-0.0001936125380325393,0.0,1350,0.0,1.3140379451215267e-09,0.0003,0.2,0.3178074710071087,0.0,0.14421826601028442
280576,136,-6.672722979999999,1,557056,1,2,"PPO-PPO",907,"discrete","Goal-v0",1.0,-0.0001936233213655214,0.0,1360,0.0,-6.788468454033136e-10,0.0003,0.2,0.30447400459088386,0.0,0.15180069208145142
282624,137,-6.606082119999999,1,561152,1,2,"PPO-PPO",919,"discrete","Goal-v0",1.0,-0.00019362632915544963,-1.1920928955078125e-07,1370,0.0,-1.463195076212287e-09,0.0003,0.2,0.32661510608159006,0.0,0.19718267023563385
284672,138,-6.674912280000001,1,565248,1,2,"PPO-PPO",856,"discrete","Goal-v0",1.0,-0.0001936354453846434,-2.384185791015625e-07,1380,0.0,1.9572325982153416e-09,0.0003,0.2,0.31373509909026326,0.0,0.1862342357635498
286720,139,-6.5289601600000005,1,569344,1,2,"PPO-PPO",902,"discrete","Goal-v0",1.0,-0.00019362048255970875,0.0,1390,0.0,4.074536263942718e-11,0.0003,0.2,0.33044330193661153,0.0,0.14309419691562653
288768,140,-6.588704379999999,1,573440,1,2,"PPO-PPO",888,"discrete","Goal-v0",1.0,-0.00019360836877240216,-1.1920928955078125e-07,1400,0.0,5.5297277867794034e-11,0.0003,0.2,0.32910255030728874,0.0,0.15482911467552185
290816,141,-6.664711089999998,1,577536,1,2,"PPO-PPO",907,"discrete","Goal-v0",1.0,-0.00019360461951691831,0.0,1410,0.0,-7.479684427380562e-10,0.0003,0.2,0.3185042907949537,0.0,0.14861468970775604
292864,142,-6.65432304,1,581632,1,2,"PPO-PPO",928,"discrete","Goal-v0",1.0,-0.0001935966379733145,1.1920928955078125e-07,1420,0.0,2.8030626708641647e-10,0.0003,0.2,0.318958533089608,0.0,0.17632387578487396
294912,143,-6.618878659999999,1,585728,1,2,"PPO-PPO",989,"discrete","Goal-v0",1.0,-0.00019360966734893736,0.0,1430,0.0,7.596099749207497e-10,0.0003,0.2,0.3166895125526935,0.0,0.13832156360149384
296960,144,-6.751975799999999,1,589824,1,2,"PPO-PPO",980,"discrete","Goal-v0",1.0,-0.00019361844842933352,0.0,1440,0.0,3.492459654808044e-11,0.0003,0.2,0.33500235667452216,0.0,0.1800301969051361
299008,145,-6.664146320000001,1,593920,1,2,"PPO-PPO",980,"discrete","Goal-v0",1.0,-7.757319535812712e-05,0.0,1450,0.00024655848,-7.44591608963674e-05,0.0003,0.2,0.3160174981690943,0.000439453125,0.1151217371225357
301056,146,-6.6546388699999985,1,598016,1,2,"PPO-PPO",961,"discrete","Goal-v0",1.0,-6.65893021505326e-05,1.1920928955078125e-07,1460,0.0,-6.461050361394882e-10,0.0003,0.2,0.317617189604789,0.0,0.13903892040252686
303104,147,-6.624534450000001,1,602112,1,2,"PPO-PPO",967,"discrete","Goal-v0",1.0,-6.65893021505326e-05,-1.1920928955078125e-07,1470,0.0,-1.1015799827873707e-09,0.0003,0.2,0.3436379697639495,0.0,0.1186290755867958
305152,148,-6.657515290000001,1,606208,1,2,"PPO-PPO",994,"discrete","Goal-v0",1.0,-6.65893021505326e-05,0.0,1480,0.0,-7.505150279030204e-10,0.0003,0.2,0.3198254196438938,0.0,0.16790032386779785
307200,149,-6.687118579999999,1,610304,1,2,"PPO-PPO",909,"discrete","Goal-v0",1.0,-6.65893021505326e-05,-2.384185791015625e-07,1490,0.0,1.0477378964424133e-09,0.0003,0.2,0.327904067048803,0.0,0.22002817690372467
309248,150,-6.541646810000002,1,614400,1,2,"PPO-PPO",922,"discrete","Goal-v0",1.0,-0.00014347078265473102,0.0,1500,0.00031269283,-5.085194970888551e-05,0.0003,0.2,0.3170140499714762,0.000439453125,0.2030007541179657
311296,151,-6.65298157,1,618496,1,2,"PPO-PPO",948,"discrete","Goal-v0",1.0,-0.00015482665912713856,0.0,1510,0.0,-7.610651664435863e-10,0.0003,0.2,0.3167801359668374,0.0,0.17854250967502594
313344,152,-6.72021475,1,622592,1,2,"PPO-PPO",934,"discrete","Goal-v0",1.0,-0.00015482665912713856,0.0,1520,0.0,5.675246939063072e-11,0.0003,0.2,0.33301408030092716,0.0,0.19929946959018707
315392,153,-6.646730689999999,1,626688,1,2,"PPO-PPO",897,"discrete","Goal-v0",1.0,-0.00015482665912713856,0.0,1530,0.0,-3.939931048080325e-10,0.0003,0.2,0.3176250928081572,0.0,0.16598504781723022
317440,154,-6.680274389999999,1,630784,1,2,"PPO-PPO",917,"discrete","Goal-v0",1.0,-0.00015482665912713856,1.1920928955078125e-07,1540,0.0,-8.043571142479777e-10,0.0003,0.2,1.893240309599787,0.0,0.15787404775619507
319488,155,-6.6677997499999995,1,634880,1,2,"PPO-PPO",902,"discrete","Goal-v0",1.0,-0.00015482661710848334,0.0,1550,0.0,2.557499101385474e-10,0.0003,0.2,0.32904101386666296,0.0,0.163761168718338
321536,156,-6.62905604,1,638976,1,2,"PPO-PPO",880,"discrete","Goal-v0",1.0,-0.00015482641770176998,0.0,1560,0.0,5.675246939063072e-10,0.0003,0.2,0.32070576823316516,0.0,0.1878117471933365
323584,157,-6.712222720000001,1,643072,1,2,"PPO-PPO",919,"discrete","Goal-v0",1.0,-0.00015482649214391131,0.0,1570,0.0,-2.371962182223797e-10,0.0003,0.2,0.3300237819552422,0.0,0.1872132569551468
325632,158,-6.6242025899999994,1,647168,1,2,"PPO-PPO",912,"discrete","Goal-v0",1.0,-0.00015482645367228542,0.0,1580,0.0,8.221832104027271e-10,0.0003,0.2,0.3151061750017107,0.0,0.15824651718139648
327680,159,-6.635485259999999,1,651264,1,2,"PPO-PPO",901,"discrete","Goal-v0",1.0,-0.00015482649114346715,-1.1920928955078125e-07,1590,0.0,2.0500010577961803e-10,0.0003,0.2,1.8896368539892137,0.0,0.14881816506385803
329728,160,-6.600090879999998,1,655360,1,2,"PPO-PPO",853,"discrete","Goal-v0",1.0,-0.00015482573894587404,0.0,1600,0.0,-1.376611180603504e-09,0.0003,0.2,0.3224027287680656,0.0,0.1625848114490509
331776,161,-6.65010594,1,659456,1,2,"PPO-PPO",887,"discrete","Goal-v0",1.0,-0.00015482430480915355,-1.1920928955078125e-07,1610,0.0,-3.281456883996725e-10,0.0003,0.2,0.3403124172706157,0.0,0.15524454414844513
333824,162,-6.65667725,1,663552,1,2,"PPO-PPO",894,"discrete","Goal-v0",1.0,-0.00015482077892556845,0.0,1620,0.0,-7.712515071034431e-10,0.0003,0.2,0.3327243841718882,0.0,0.16509415209293365
335872,163,-6.797771599999999,1,667648,1,2,"PPO-PPO",909,"discrete","Goal-v0",1.0,-0.00015481856644328218,0.0,1630,0.0,7.8580342233181e-10,0.0003,0.2,0.32719019302166996,0.0,0.14513178169727325
337920,164,-6.617526069999999,1,671744,1,2,"PPO-PPO",904,"discrete","Goal-v0",1.0,-0.00015481513846680173,-1.1920928955078125e-07,1640,0.0,-2.7939677238464354e-10,0.0003,0.2,0.3304594066925347,0.0,0.19092833995819092
339968,165,-6.747935150000001,1,675840,1,2,"PPO-PPO",902,"discrete","Goal-v0",1.0,-0.00015481497325708915,5.960464477539063e-08,1650,0.0,1.0593794286251068e-09,0.0003,0.2,0.340916267875582,0.0,0.20456627011299133
342016,166,-6.79604918,1,679936,1,2,"PPO-PPO",902,"discrete","Goal-v0",1.0,-0.00015481420227843047,0.0,1660,0.0,3.659806679934263e-10,0.0003,0.2,0.31235071304254236,0.0,0.15022143721580505
344064,167,-6.596304319999999,1,684032,1,2,"PPO-PPO",924,"discrete","Goal-v0",1.0,-0.00015481771988561376,0.0,1670,0.0,-9.458744898438454e-10,0.0003,0.2,0.3243320662528276,0.0,0.22985582053661346
346112,168,-6.587046170000001,1,688128,1,2,"PPO-PPO",890,"discrete","Goal-v0",1.0,-0.00015481191721846698,-1.1920928955078125e-07,1680,0.0,-2.488377504050732e-10,0.0003,0.2,0.3380106441676617,0.0,0.16178900003433228
348160,169,-6.548194070000001,1,692224,1,2,"PPO-PPO",888,"discrete","Goal-v0",1.0,-0.00015481215850741137,5.960464477539063e-08,1690,0.0,-3.3469405025243757e-11,0.0003,0.2,0.33467067079618573,0.0,0.1377522051334381
350208,170,-6.706558290000001,1,696320,1,2,"PPO-PPO",882,"discrete","Goal-v0",1.0,-0.00015481135319532767,-1.1920928955078125e-07,1700,0.0,-8.905772119760514e-10,0.0003,0.2,0.33169964072294533,0.0,0.1475166231393814
352256,171,-6.6785150799999995,1,700416,1,2,"PPO-PPO",891,"discrete","Goal-v0",1.0,-0.0004268377200332907,-1.1920928955078125e-07,1710,0.0005399651,-7.396798100671731e-05,0.0003,0.2,0.3201656226534396,0.000439453125,0.1510133594274521
354304,172,-6.65235981,1,704512,1,2,"PPO-PPO",885,"discrete","Goal-v0",1.0,-0.0004476955139580241,0.0,1720,0.0,1.2267264537513256e-09,0.0003,0.2,0.3377838802523911,0.0,0.1677122414112091
356352,173,-6.684520289999999,1,708608,1,2,"PPO-PPO",883,"discrete","Goal-v0",1.0,-0.0004476955800782889,0.0,1730,0.0,-1.3460521586239338e-10,0.0003,0.2,1.8897152977995575,0.0,0.1622210443019867
358400,174,-6.694438160000002,1,712704,1,2,"PPO-PPO",825,"discrete","Goal-v0",1.0,-0.0004476955800782889,1.1920928955078125e-07,1740,0.0,8.294591680169106e-10,0.0003,0.2,0.3274228143505752,0.0,0.13587145507335663
360448,175,-6.636283219999999,1,716800,1,2,"PPO-PPO",817,"discrete","Goal-v0",1.0,-0.0004476955800782889,0.0,1750,0.0,-1.0026269592344762e-09,0.0003,0.2,0.3350397357251495,0.0,0.18213139474391937
362496,176,-6.605373749999999,1,720896,1,2,"PPO-PPO",753,"discrete","Goal-v0",1.0,-0.0004476955800782889,0.0,1760,0.0,-1.9663275452330707e-10,0.0003,0.2,0.33615147112868726,0.0,0.18233250081539154
364544,177,-6.61592739,1,724992,1,2,"PPO-PPO",718,"discrete","Goal-v0",1.0,-0.0004476961323234718,-1.1920928955078125e-07,1770,0.0,1.5555997379124165e-09,0.0003,0.2,0.3299219164066017,0.0,0.14979837834835052
366592,178,-6.64662553,1,729088,1,2,"PPO-PPO",865,"discrete","Goal-v0",1.0,-0.0004476956477446947,0.0,1780,0.0,1.673470251262188e-10,0.0003,0.2,0.37631614855490625,0.0,0.12476979196071625
368640,179,-6.61210226,1,733184,1,2,"PPO-PPO",890,"discrete","Goal-v0",1.0,-0.0004476949296076782,1.7881393432617188e-07,1790,0.0,-6.199115887284279e-10,0.0003,0.2,0.32056483076885345,0.0,0.181845560669899
370688,180,-6.61236762,1,737280,1,2,"PPO-PPO",880,"discrete","Goal-v0",1.0,-0.00044769198611902537,0.0,1800,0.0,1.9063008949160575e-10,0.0003,0.2,0.3416923662181944,0.0,0.1506883054971695
372736,181,-6.6171906,1,741376,1,2,"PPO-PPO",892,"discrete","Goal-v0",1.0,-0.0004476900402551109,0.0,1810,0.0,5.093170329928398e-11,0.0003,0.2,0.32327340487390754,0.0,0.1889253556728363
374784,182,-6.590921810000002,1,745472,1,2,"PPO-PPO",923,"discrete","Goal-v0",1.0,-0.0004476872471968818,0.0,1820,0.0,-1.0986695997416973e-10,0.0003,0.2,0.3419001573696733,0.0,0.18079543113708496
376832,183,-6.636248919999999,1,749568,1,2,"PPO-PPO",796,"discrete","Goal-v0",1.0,-0.0004476887085729686,0.0,1830,0.0,1.5133991837501526e-10,0.0003,0.2,0.328658299241215,0.0,0.14268890023231506
378880,184,-6.65846079,1,753664,1,2,"PPO-PPO",894,"discrete","Goal-v0",1.0,-0.0004476953700759623,0.0,1840,0.0,4.67116478830576e-10,0.0003,0.2,0.32962019545957444,0.0,0.16834165155887604
380928,185,-6.65468131,1,757760,1,2,"PPO-PPO",867,"discrete","Goal-v0",1.0,-0.00044769761625502725,0.0,1850,0.0,1.5788828022778034e-10,0.0003,0.2,1.9050883421208709,0.0,0.19494223594665527
382976,186,-6.581997240000001,1,761856,1,2,"PPO-PPO",862,"discrete","Goal-v0",1.0,-0.00044768239749828356,0.0,1860,0.0,-1.4551915228366852e-09,0.0003,0.2,0.3391374467872083,0.0,0.17900435626506805
385024,187,-6.578781550000002,1,765952,1,2,"PPO-PPO",884,"discrete","Goal-v0",1.0,-0.0004476821055504843,0.0,1870,0.0,1.877560862340033e-09,0.0003,0.2,0.33838171693496405,0.0,0.15802116692066193
387072,188,-6.575949230000001,1,770048,1,2,"PPO-PPO",828,"discrete","Goal-v0",1.0,-0.00044767506660718935,0.0,1880,0.0,1.8335413187742233e-10,0.0003,0.2,0.3418637093156576,0.0,0.16267405450344086
389120,189,-6.685058490000001,1,774144,1,2,"PPO-PPO",881,"discrete","Goal-v0",1.0,-0.00044768031766579953,0.0,1890,0.0,-1.5774276107549668e-09,0.0003,0.2,0.3368481542915106,0.0,0.12410324066877365
391168,190,-6.566782740000001,1,778240,1,2,"PPO-PPO",750,"discrete","Goal-v0",1.0,-0.0012517819738604885,0.0,1900,0.0005401536,-3.834662566077895e-05,0.0003,0.2,0.3283902678173035,0.000439453125,0.14449205994606018
393216,191,-6.748390580000001,1,782336,1,2,"PPO-PPO",846,"discrete","Goal-v0",1.0,-0.0005423784037702717,0.0,1910,0.00039256873,-0.00016598519796389154,0.0003,0.2,0.3284913463518023,0.000927734375,0.18350230157375336
395264,192,-6.589305889999999,1,786432,1,2,"PPO-PPO",778,"discrete","Goal-v0",1.0,-0.0005078278423752636,0.0,1920,0.0,-6.708432920277119e-10,0.0003,0.2,0.3409494920168072,0.0,0.1641240119934082
397312,193,-6.61833339,1,790528,1,2,"PPO-PPO",818,"discrete","Goal-v0",1.0,-0.0005078273825347424,0.0,1930,0.0,-6.257323548197746e-11,0.0003,0.2,0.3338078238535672,0.0,0.1672922968864441
399360,194,-6.690762960000002,1,794624,1,2,"PPO-PPO",842,"discrete","Goal-v0",1.0,-0.0005078273825347424,0.0,1940,0.0,-1.4333636499941349e-10,0.0003,0.2,0.3429618607740849,0.0,0.2054867148399353
401408,195,-6.69855436,1,798720,1,2,"PPO-PPO",828,"discrete","Goal-v0",1.0,-0.0005078273825347424,-1.1920928955078125e-07,1950,0.0,4.5242813939694314e-10,0.0003,0.2,0.3440316922031343,0.0,0.16630709171295166
403456,196,-6.607883819999999,1,802816,1,2,"PPO-PPO",851,"discrete","Goal-v0",1.0,-0.0005078273825347424,0.0,1960,0.0,-1.465377863496542e-09,0.0003,0.2,0.35146398372016846,0.0,0.1344715654850006
405504,197,-6.58010272,1,806912,1,2,"PPO-PPO",872,"discrete","Goal-v0",1.0,-0.0005078273825347424,0.0,1970,0.0,-3.408786142244935e-10,0.0003,0.2,0.3279557003639638,0.0,0.16754788160324097
407552,198,-6.680535719999999,1,811008,1,2,"PPO-PPO",858,"discrete","Goal-v0",1.0,-0.0005078273825347424,0.0,1980,0.0,1.2223608791828156e-10,0.0003,0.2,0.32540579959750177,0.0,0.1612486094236374
409600,199,-6.5846146800000005,1,815104,1,2,"PPO-PPO",762,"discrete","Goal-v0",1.0,-0.0005078277506981976,-1.1920928955078125e-07,1990,0.0,-1.7258571460843085e-09,0.0003,0.2,0.3412709313910455,0.0,0.1290084719657898
411648,200,-6.648326110000002,1,819200,1,2,"PPO-PPO",847,"discrete","Goal-v0",1.0,-0.0005078274220068124,0.0,2000,0.0,5.820766091346741e-11,0.0003,0.2,0.33425465067848564,0.0,0.1462983787059784
413696,201,-6.725313140000001,1,823296,1,2,"PPO-PPO",784,"discrete","Goal-v0",1.0,-0.00050782768848876,0.0,2010,0.0,3.2378011383116245e-10,0.0003,0.2,0.3227621329948306,0.0,0.1557120382785797
415744,202,-6.627348549999998,1,827392,1,2,"PPO-PPO",802,"discrete","Goal-v0",1.0,-0.0005078317097286344,0.0,2020,0.0,-9.196810424327851e-10,0.0003,0.2,0.32641327660530806,0.0,0.10560941696166992
417792,203,-6.621169970000002,1,831488,1,2,"PPO-PPO",831,"discrete","Goal-v0",1.0,-0.0005078319918538909,0.0,2030,0.0,-2.9103830456733704e-10,0.0003,0.2,0.3323468356858939,0.0,0.1436212807893753
419840,204,-6.667247699999999,1,835584,1,2,"PPO-PPO",825,"discrete","Goal-v0",1.0,-0.0003101865747339616,1.7881393432617188e-07,2040,8.386379e-05,-1.0793608089443296e-05,0.0003,0.2,0.33214873024262487,0.000439453125,0.13972319662570953
421888,205,-6.709112989999999,1,839680,1,2,"PPO-PPO",809,"discrete","Goal-v0",1.0,-0.00010589726753096329,0.0,2050,0.00023875735,-5.402126553235576e-05,0.0003,0.2,0.3384898027870804,0.000439453125,0.1652592569589615
423936,206,-6.617412689999998,1,843776,1,2,"PPO-PPO",861,"discrete","Goal-v0",1.0,-9.970698738470674e-05,0.0,2060,0.0,-1.996522769331932e-09,0.0003,0.2,0.31941199898719785,0.0,0.15506309270858765
425984,207,-6.63024468,1,847872,1,2,"PPO-PPO",831,"discrete","Goal-v0",1.0,-9.970698738470674e-05,0.0,2070,0.0,4.5984052121639254e-10,0.0003,0.2,0.32342166295275093,0.0,0.1421794444322586
428032,208,-6.4918219,1,851968,1,2,"PPO-PPO",744,"discrete","Goal-v0",1.0,-9.970698738470674e-05,5.960464477539063e-08,2080,0.0,2.1100277081131935e-10,0.0003,0.2,0.3377714234404266,0.0,0.19312812387943268
430080,209,-6.60640712,1,856064,1,2,"PPO-PPO",842,"discrete","Goal-v0",1.0,-9.970698738470674e-05,0.0,2090,0.0,7.516064215451479e-10,0.0003,0.2,0.33118524863384663,0.0,0.19293168187141418
432128,210,-6.49932045,1,860160,1,2,"PPO-PPO",800,"discrete","Goal-v0",1.0,-9.970698738470674e-05,0.0,2100,0.0,-5.820766091346741e-11,0.0003,0.2,0.3588301151059568,0.0,0.15586213767528534
434176,211,-6.650516710000001,1,864256,1,2,"PPO-PPO",828,"discrete","Goal-v0",1.0,-9.970698738470674e-05,-1.1920928955078125e-07,2110,0.0,1.8626451492309571e-10,0.0003,0.2,0.3633578068576753,0.0,0.15123003721237183
436224,212,-6.59891768,1,868352,1,2,"PPO-PPO",866,"discrete","Goal-v0",1.0,-9.970698738470674e-05,0.0,2120,0.0,-4.158209776505828e-10,0.0003,0.2,0.3341102021746337,0.0,0.1841355860233307
438272,213,-6.63015945,1,872448,1,2,"PPO-PPO",898,"discrete","Goal-v0",1.0,-9.970703908948053e-05,-1.1920928955078125e-07,2130,0.0,-5.391484592109918e-10,0.0003,0.2,0.33254162552766503,0.0,0.18488004803657532
440320,214,-6.573133800000002,1,876544,1,2,"PPO-PPO",897,"discrete","Goal-v0",1.0,-9.97075228497124e-05,0.0,2140,0.0,2.1100277081131934e-11,0.0003,0.2,0.33628112990409137,0.0,0.19301727414131165
442368,215,-6.54924427,1,880640,1,2,"PPO-PPO",893,"discrete","Goal-v0",1.0,-9.970756234451983e-05,-1.1920928955078125e-07,2150,0.0,-8.265487849712371e-10,0.0003,0.2,0.33606696436181666,0.0,0.1925516426563263
444416,216,-6.709748669999999,1,884736,1,2,"PPO-PPO",891,"discrete","Goal-v0",1.0,-9.970774651719694e-05,0.0,2160,0.0,4.751200322061777e-10,0.0003,0.2,0.3451283074449748,0.0,0.15011125802993774
446464,217,-6.654057019999999,1,888832,1,2,"PPO-PPO",860,"discrete","Goal-v0",1.0,-9.970795995286607e-05,-1.1920928955078125e-07,2170,0.0,2.3428583517670633e-10,0.0003,0.2,1.9145734508987515,0.0,0.2118719071149826
448512,218,-6.61132426,1,892928,1,2,"PPO-PPO",896,"discrete","Goal-v0",1.0,-9.970834814794216e-05,0.0,2180,0.0,4.0163286030292513e-10,0.0003,0.2,0.33645222075283526,0.0,0.19557270407676697
450560,219,-6.57114182,1,897024,1,2,"PPO-PPO",873,"discrete","Goal-v0",1.0,-9.9709857840935e-05,0.0,2190,0.0,8.221832104027271e-10,0.0003,0.2,0.3525717609096318,0.0,0.15395061671733856
452608,220,-6.71580661,1,901120,1,2,"PPO-PPO",892,"discrete","Goal-v0",1.0,-9.970966896162281e-05,0.0,2200,0.0,2.9103830456733704e-11,0.0003,0.2,1.9106940866447986,0.0,0.15059691667556763
454656,221,-6.529450789999999,1,905216,1,2,"PPO-PPO",885,"discrete","Goal-v0",1.0,-9.971095034870814e-05,-1.1920928955078125e-07,2210,0.0,7.574271876364946e-10,0.0003,0.2,0.380784976715222,0.0,0.181877002120018
456704,222,-6.5779928299999995,1,909312,1,2,"PPO-PPO",888,"discrete","Goal-v0",1.0,-9.971171505185339e-05,0.0,2220,0.0,1.881926436908543e-09,0.0003,0.2,0.3688142870552838,0.0,0.12686902284622192
458752,223,-6.633207459999999,1,913408,1,2,"PPO-PPO",889,"discrete","Goal-v0",1.0,-9.970812993742584e-05,0.0,2230,0.0,1.04482751339674e-09,0.0003,0.2,0.3451156408060342,0.0,0.18387582898139954
460800,224,-6.646485760000001,1,917504,1,2,"PPO-PPO",888,"discrete","Goal-v0",1.0,-9.970300152417622e-05,0.0,2240,0.0,4.43833414465189e-10,0.0003,0.2,0.3395782871637493,0.0,0.2027970403432846
462848,225,-6.656289579999999,1,921600,1,2,"PPO-PPO",880,"discrete","Goal-v0",1.0,-9.970403070838074e-05,5.960464477539063e-08,2250,0.0,-1.2816599337384105e-09,0.0003,0.2,0.3458734506275505,0.0,0.16190336644649506
464896,226,-6.70621796,1,925696,1,2,"PPO-PPO",880,"discrete","Goal-v0",1.0,-9.970444768896414e-05,5.960464477539063e-08,2260,0.0,1.0986695997416973e-09,0.0003,0.2,0.33765463302843274,0.0,0.18728984892368317
466944,227,-6.65705963,1,929792,1,2,"PPO-PPO",878,"discrete","Goal-v0",1.0,-9.970382711799175e-05,5.960464477539063e-08,2270,0.0,-5.260517355054617e-10,0.0003,0.2,0.35477898018434645,0.0,0.20166969299316406
468992,228,-6.6339891,1,933888,1,2,"PPO-PPO",882,"discrete","Goal-v0",1.0,-9.970103772047879e-05,0.0,2280,0.0,-4.5838532969355583e-10,0.0003,0.2,0.3506658237427473,0.0,0.2705696225166321
471040,229,-6.70448659,1,937984,1,2,"PPO-PPO",854,"discrete","Goal-v0",1.0,-9.969940340397443e-05,0.0,2290,0.0,-1.0797521099448204e-09,0.0003,0.2,0.3538687928579748,0.0,0.17561917006969452
473088,230,-6.66265457,1,942080,1,2,"PPO-PPO",866,"discrete","Goal-v0",1.0,-9.970362950753042e-05,0.0,2300,0.0,-4.5547494664788247e-10,0.0003,0.2,0.33775483472272755,0.0,0.1766587793827057
475136,231,-6.568473749999999,1,946176,1,2,"PPO-PPO",883,"discrete","Goal-v0",1.0,-9.970407202217758e-05,-1.1920928955078125e-07,2310,0.0,8.934875950217247e-10,0.0003,0.2,0.34422680516727266,0.0,0.1533360779285431
477184,232,-6.57918982,1,950272,1,2,"PPO-PPO",862,"discrete","Goal-v0",1.0,-9.97025935930651e-05,1.1920928955078125e-07,2320,0.0,5.653419066220522e-10,0.0003,0.2,0.3279806817881763,0.0,0.15948174893856049
479232,233,-6.688612300000001,1,954368,1,2,"PPO-PPO",849,"discrete","Goal-v0",1.0,-9.969547384116594e-05,0.0,2330,0.0,-7.203198038041592e-11,0.0003,0.2,0.33626755978912115,0.0,0.18476742506027222
481280,234,-6.75414476,1,958464,1,2,"PPO-PPO",855,"discrete","Goal-v0",1.0,-9.969137931875593e-05,0.0,2340,0.0,1.000444171950221e-09,0.0003,0.2,0.36709270463325083,0.0,0.1979198157787323
483328,235,-6.67735664,1,962560,1,2,"PPO-PPO",875,"discrete","Goal-v0",1.0,-9.968346598725475e-05,0.0,2350,0.0,2.9831426218152044e-11,0.0003,0.2,0.3363596960902214,0.0,0.13944444060325623
485376,236,-6.586915319999999,1,966656,1,2,"PPO-PPO",871,"discrete","Goal-v0",1.0,-9.96738073808956e-05,0.0,2360,0.0,6.926711648702622e-10,0.0003,0.2,0.3427293659653515,0.0,0.15281452238559723
487424,237,-6.70468973,1,970752,1,2,"PPO-PPO",894,"discrete","Goal-v0",1.0,-9.967771220544818e-05,0.0,2370,0.0,1.3009412214159966e-09,0.0003,0.2,0.34384391191415486,0.0,0.1396685540676117
489472,238,-6.69239965,1,974848,1,3,"PPO-PPO",515,"discrete","Goal-v0",1.0,-9.968007320821925e-05,0.0,2380,0.0,-4.525645636022091e-10,0.0003,0.2,0.3261571902316064,0.0,0.1544070839881897
491520,239,-6.6940083,1,978944,1,2,"PPO-PPO",784,"discrete","Goal-v0",1.0,-9.967338974092854e-05,0.0,2390,0.0,-1.0655639925971626e-09,0.0003,0.2,0.3341422678902745,0.0,0.15827304124832153
493568,240,-6.723881260000001,1,983040,1,1034,"PPO-PPO",1,"discrete","Goal-v0",1.0,-9.966594809611707e-05,5.960464477539063e-08,2400,0.0,2.055821823887527e-09,0.0003,0.2,0.40054705678485336,0.0,0.16555196046829224
495616,241,-6.632450169999999,1,987136,1,5,"PPO-PPO",407,"discrete","Goal-v0",1.0,-9.966373597762868e-05,0.0,2410,0.0,1.2492819223552941e-09,0.0003,0.2,0.34572587884031236,0.0,0.1683190017938614
497664,242,-6.69096895,1,991232,1,2,"PPO-PPO",877,"discrete","Goal-v0",1.0,-9.966277925741452e-05,0.0,2420,0.0,1.669104676693678e-09,0.0003,0.2,0.3551106372848153,0.0,0.21955734491348267
499712,243,-6.57117262,1,995328,1,666,"PPO-PPO",3,"discrete","Goal-v0",1.0,-9.96616682414242e-05,-1.1920928955078125e-07,2430,0.0,1.1714291758835317e-10,0.0003,0.2,0.3413360054139048,0.0,0.19918367266654968
