custom/cycle,custom/agent_name,rollout/ep_len_mean,rollout/ep_rew_mean,time/total_timesteps,custom/pamdp_timestep,custom/seed,custom/env,time/time_elapsed,custom/agent_type,time/iterations,time/fps,train/approx_kl,train/learning_rate,train/explained_variance,train/clip_range,train/loss,train/value_loss,train/n_updates,train/entropy_loss,train/clip_fraction,train/policy_gradient_loss
0,"PPO-PPO",1.44,-7.72238193,2048,0,1,"Goal-v0",2,"discrete",1,829,,,,,,,,,,
,,1.21,-8.06320305,4096,2048,,,4,"discrete",2,825,0.038411744,0.0003,0.0680270791053772,0.2,5.452325820922852,39.79125539213419,10,-1.0674785099923612,0.51923828125,-0.06883257120061899
,,1.05,-7.119117909999999,6144,4096,,,7,"discrete",3,797,0.17344299,0.0003,0.2253326177597046,0.2,7.834134101867676,8.321316772699356,20,-0.8915248243138194,0.45615234375,-0.08543332128319889
1,"PPO-PPO",1.0,-6.98259651,8192,12288,1,"Goal-v0",1,"discrete",1,1218,0.027778814,0.0003,0.38312768936157227,0.2,0.3880661725997925,1.6849613888422028,30,-0.7506547758355737,0.098095703125,-0.028082487112260423
,,1.02,-7.15626066,10240,14336,,,3,"discrete",2,1081,0.009120823,0.0003,0.371765673160553,0.2,0.05752279981970787,0.3782072221743874,40,-0.6983514593914151,0.023046875,-0.009341976584983059
,,1.0,-7.063031090000002,12288,16384,,,5,"discrete",3,1035,0.010918945,0.0003,0.44120264053344727,0.2,0.06757166236639023,0.4258931485703215,50,-0.7046895254403353,0.093310546875,-0.014831213939760345
2,"PPO-PPO",1.01,-7.13929699,14336,24576,1,"Goal-v0",1,"discrete",1,1225,0.0026713847,0.0003,0.38066285848617554,0.2,0.03757653012871742,0.1413765156408772,60,-0.7007105093449354,0.016943359375,-0.0011118251160951332
,,1.0,-6.9854023100000004,16384,26624,,,3,"discrete",2,1133,0.015075624,0.0003,0.3993532657623291,0.2,-0.008004661649465561,0.3178349268506281,70,-0.6965068355202675,0.10859375,-0.008873024996864843
,,1.01,-7.0729900500000005,18432,28672,,,5,"discrete",3,1093,0.014767373,0.0003,-0.15824532508850098,0.2,0.0582016222178936,0.24077150807715952,80,-0.6591413659974933,0.09228515625,-0.007240163623646367
3,"PPO-PPO",1.0,-6.968178879999999,20480,36864,1,"Goal-v0",1,"discrete",1,1251,0.00911718,0.0003,0.03725123405456543,0.2,0.05541948229074478,0.08778592104790732,90,-0.6142930526286363,0.060009765625,-0.0037227467575576155
,,1.0,-6.96353017,22528,38912,,,3,"discrete",2,1150,0.008226351,0.0003,0.11490380764007568,0.2,0.03783165290951729,0.1582217800198123,100,-0.5650207178667188,0.064599609375,-0.0058293648238759484
,,1.0,-6.93199087,24576,40960,,,5,"discrete",3,1124,0.006860791,0.0003,0.1647855043411255,0.2,0.034746550023555756,0.10887766620144249,110,-0.5112974603660405,0.064306640625,-0.0055143102305009965
4,"PPO-PPO",1.0,-6.903204769999999,26624,49152,1,"Goal-v0",1,"discrete",1,1274,0.001176368,0.0003,0.5051866471767426,0.2,0.04289137199521065,0.16494284217478708,120,-0.4576113042421639,0.02373046875,-0.0023664997148443944
,,1.0,-6.885839709999999,28672,51200,,,3,"discrete",2,1141,0.0046429266,0.0003,0.17507517337799072,0.2,0.4161713123321533,0.12635473592672497,130,-0.42442568615078924,0.063037109375,-0.005629497327026911
,,1.01,-7.03950379,30720,53248,,,5,"discrete",3,1104,0.0040225717,0.0003,-1.1920928955078125e-07,0.2,0.05588133633136749,0.1567837952170521,140,-0.3677622600458562,0.062109375,-0.005882446753093973
5,"PPO-PPO",1.0,-6.967424259999999,32768,61440,1,"Goal-v0",1,"discrete",1,1278,0.0029065548,0.0003,0.2118978500366211,0.2,0.0455934964120388,0.12585367960855365,150,-0.3236842418089509,0.034130859375,-0.003386147035053
,,1.0,-6.96565572,34816,63488,,,3,"discrete",2,1126,0.0023002164,0.0003,-1.1920928955078125e-07,0.2,0.04028657078742981,0.10570024052867666,160,-0.276459286455065,0.023876953125,-0.002118889348639641
,,1.0,-6.971968970000002,36864,65536,,,5,"discrete",3,1093,0.0018372047,0.0003,5.960464477539063e-08,0.2,0.05864672362804413,0.10856972736073658,170,-0.2348003736231476,0.024755859375,-0.0016952449848758988
6,"PPO-PPO",1.0,-6.89644127,38912,73728,1,"Goal-v0",1,"discrete",1,1259,0.0015424129,0.0003,0.0,0.2,0.03925295174121857,0.10977677919436246,180,-0.20164353367872537,0.0310546875,-0.0026306445608497596
,,1.0,-6.86228387,40960,75776,,,3,"discrete",2,1154,0.0007959807,0.0003,-1.1920928955078125e-07,0.2,0.06282441318035126,0.1325378438923508,190,-0.171197818685323,0.022412109375,-0.002140702244651038
,,1.0,-6.892179370000001,43008,77824,,,5,"discrete",3,1102,0.00024174125,0.0003,0.5009137392044067,0.2,0.12819918990135193,0.16696325258817524,200,-0.14386200336739421,0.012060546875,-0.0008911928875022568
7,"PPO-PPO",1.0,-6.7987269800000005,45056,86016,1,"Goal-v0",1,"discrete",1,1235,0.0007372838,0.0003,5.960464477539063e-08,0.2,0.059768080711364746,0.11618396965786815,210,-0.132534190826118,0.01201171875,-0.0011267259891610593
,,1.0,-6.891147909999998,47104,88064,,,3,"discrete",2,1116,0.0007221347,0.0003,5.960464477539063e-08,0.2,0.06053091213107109,0.17553171769250184,220,-0.1114586666226387,0.01025390625,-0.0006222871990757995
,,1.0,-6.876218679999999,49152,90112,,,5,"discrete",3,1096,0.00051204907,0.0003,0.0,0.2,0.047864265739917755,0.12910167137160897,230,-0.0917031018761918,0.009423828125,-0.0007475080521544442
8,"PPO-PPO",1.0,-6.8475425,51200,98304,1,"Goal-v0",1,"discrete",1,1301,0.00034346842,0.0003,-1.8368568420410156,0.2,0.06058001518249512,0.39756323059555143,240,-0.0859790772665292,0.003125,-0.0013656807117513382
,,1.0,-6.924501380000001,53248,100352,,,3,"discrete",2,1208,0.00028123904,0.0003,0.0,0.2,0.06913818418979645,0.1316729277605191,250,-0.06630894257687033,0.006298828125,-0.0006089667847845703
,,1.0,-6.880763870000001,55296,102400,,,5,"discrete",3,1176,0.00035388483,0.0003,0.0,0.2,0.05535522848367691,0.13971633326727897,260,-0.05483680561883375,0.008203125,-0.0009246940942830406
9,"PPO-PPO",1.0,-6.942213410000001,57344,110592,1,"Goal-v0",1,"discrete",1,1230,0.00023502661,0.0003,1.1920928955078125e-07,0.2,0.07215271145105362,0.13329184118192644,270,-0.045121374842710796,0.003857421875,-0.00025053576100617645
,,1.0,-6.84085269,59392,112640,,,3,"discrete",2,1142,0.00013925554,0.0003,-1.1920928955078125e-07,0.2,0.06413552910089493,0.1478966187685728,280,-0.037325492198579016,0.00283203125,-0.00023411358706653117
,,1.0,-6.87848722,61440,114688,,,5,"discrete",3,1094,0.00015598573,0.0003,1.1920928955078125e-07,0.2,0.07255025953054428,0.1457332317950204,290,-0.029499511542962865,0.00361328125,-0.00032811690762173383
10,"PPO-PPO",1.0,-6.873322400000001,63488,122880,1,"Goal-v0",1,"discrete",1,1224,9.923012e-05,0.0003,-1.1920928955078125e-07,0.2,0.08735595643520355,0.15080512014683337,300,-0.022729313635500147,0.002392578125,-0.00022171278396854177
,,1.0,-6.90776129,65536,124928,,,3,"discrete",2,1122,0.00020436072,0.0003,0.0,0.2,0.0860939621925354,0.14604570374358444,310,-0.017019377124961467,0.003076171875,-0.000391458701051306
,,1.0,-6.940601350000001,67584,126976,,,5,"discrete",3,1073,5.1334704e-05,0.0003,0.0,0.2,0.047265224158763885,0.13691097365226595,320,-0.014084282531985081,0.001171875,-6.769704341422767e-05
11,"PPO-PPO",1.0,-6.8757898299999995,69632,135168,1,"Goal-v0",1,"discrete",1,1216,3.7887425e-05,0.0003,0.0,0.2,0.06156811863183975,0.13983351516071707,330,-0.016847454811795615,0.001123046875,-3.998196916654706e-05
,,1.0,-6.8908163999999985,71680,137216,,,3,"discrete",2,1114,1.1682307e-05,0.0003,0.0,0.2,0.0767165943980217,0.1561388208065182,340,-0.013800317939603702,0.000341796875,-5.030641914345324e-05
,,1.0,-6.887766859999999,73728,139264,,,5,"discrete",3,1099,6.57879e-05,0.0003,0.0,0.2,0.06216444820165634,0.1568810210796073,350,-0.010435167970717885,0.001318359375,-0.00023609731142641975
12,"PPO-PPO",1.0,-6.895542930000001,75776,147456,1,"Goal-v0",1,"discrete",1,1197,4.321229e-05,0.0003,-1.1920928955078125e-07,0.2,0.06858141720294952,0.15462893608491868,360,-0.009250297240214422,0.00068359375,7.745872426312417e-06
,,1.0,-6.8098138200000005,77824,149504,,,3,"discrete",2,1083,6.7217916e-05,0.0003,-1.1920928955078125e-07,0.2,0.08558445423841476,0.1616503783967346,370,-0.007154955000441987,0.00126953125,-0.00017315332079306244
,,1.0,-6.921249509999999,79872,151552,,,5,"discrete",3,1042,3.74667e-05,0.0003,0.0,0.2,0.0783744528889656,0.15886584336403758,380,-0.005912741136853583,0.00068359375,7.47095764381811e-05
13,"PPO-PPO",1.0,-6.957007000000001,81920,159744,1,"Goal-v0",1,"discrete",1,1195,0.0,0.0003,0.0,0.2,0.05420562997460365,0.15754109411500394,390,-0.0049166942713782195,0.0,1.0877556633204221e-10
,,1.0,-6.912226720000002,83968,161792,,,3,"discrete",2,1106,2.1528656e-05,0.0003,0.0,0.2,0.06064892187714577,0.17949271006509662,400,-0.0038491092811455017,0.000390625,-6.489905208582059e-05
,,1.0,-6.905147459999999,86016,163840,,,5,"discrete",3,1081,0.0,0.0003,0.0,0.2,0.10980343818664551,0.16778856876771897,410,-0.0037321057432563977,0.0,-1.1335941962897778e-09
14,"PPO-PPO",1.0,-6.9128788,88064,172032,1,"Goal-v0",1,"discrete",1,1234,2.8443465e-05,0.0003,0.0,0.2,0.09237311035394669,0.16872370685450733,420,-0.004501697090745438,0.000537109375,9.939016308635473e-06
,,1.0,-6.9036017,90112,174080,,,3,"discrete",2,1121,0.0042780573,0.0003,0.11035984754562378,0.2,0.09266693145036697,0.28575767984148115,430,-0.005375758755690185,0.003515625,-0.003471075790002942
,,1.0,-6.85706138,92160,176128,,,5,"discrete",3,1054,0.0,0.0003,5.960464477539063e-08,0.2,0.07888360321521759,0.18547116082627327,440,-0.004345428977103438,0.0,-5.355104804039001e-10
15,"PPO-PPO",1.0,-6.939206220000001,94208,184320,1,"Goal-v0",1,"discrete",1,1210,1.3447658e-05,0.0003,0.0,0.2,0.10976353287696838,0.17874156623147427,450,-0.00397673197221593,4.8828125e-05,-9.462976595386863e-06
,,1.0,-6.92865567,96256,186368,,,3,"discrete",2,1104,0.0,0.0003,0.0,0.2,0.08677646517753601,0.17726802767720073,460,-0.0035074302038992757,0.0,3.0267983675003053e-10
,,1.0,-6.891710699999999,98304,188416,,,5,"discrete",3,1074,0.0,0.0003,5.960464477539063e-08,0.2,0.09151993691921234,0.18437431605998428,470,-0.0035074204206466675,0.0,5.165929906070232e-10
16,"PPO-PPO",1.0,-6.8408587,100352,196608,1,"Goal-v0",1,"discrete",1,1247,3.816519e-05,0.0003,0.0,0.2,0.11432045698165894,0.20335281232837588,480,-0.002567251904838486,0.000390625,-5.141176952747628e-05
,,1.0,-6.891376700000002,102400,198656,,,3,"discrete",2,1132,3.7197547e-05,0.0003,5.960464477539063e-08,0.2,0.09502801299095154,0.20327722227666528,490,-0.0017270628086407669,0.000439453125,-7.710745994700119e-05
,,1.0,-6.86506686,104448,200704,,,5,"discrete",3,1101,0.0,0.0003,-1.1920928955078125e-07,0.2,0.1117396131157875,0.20159538062289356,500,-0.0016723878397897352,0.0,-8.047209121286869e-10
17,"PPO-PPO",1.0,-6.93861626,106496,208896,1,"Goal-v0",1,"discrete",1,1166,0.0,0.0003,0.0,0.2,0.08445891737937927,0.20555075127631425,510,-0.0016723878215998411,0.0,-1.1714291758835316e-09
,,1.0,-6.81030026,108544,210944,,,3,"discrete",2,1106,0.00033358202,0.0003,0.0,0.2,0.07400757819414139,0.22546240966767073,520,-0.0037402696958451997,0.000439453125,-0.00019486846140353008
,,1.0,-6.85340832,110592,212992,,,5,"discrete",3,1085,8.721452e-05,0.0003,-1.1920928955078125e-07,0.2,0.09506435692310333,0.20860866433940828,530,-0.0030616252814070323,0.00068359375,-2.9934705526102335e-05
18,"PPO-PPO",1.0,-6.864303829999999,112640,221184,1,"Goal-v0",1,"discrete",1,1220,0.0,0.0003,0.0,0.2,0.11457820236682892,0.21937746950425208,540,-0.0027195034599571954,0.0,-8.563802111893892e-10
,,1.0,-6.832746070000001,114688,223232,,,3,"discrete",2,1088,0.0,0.0003,0.0,0.2,0.10180144011974335,0.21412135276477784,550,-0.0027234500739723444,0.0,8.934875950217247e-10
,,1.0,-6.7913521,116736,225280,,,6,"discrete",3,994,0.0,0.0003,-1.1920928955078125e-07,0.2,0.11789344251155853,0.22384152351878583,560,-0.0027234500739723444,0.0,1.3154931366443635e-09
19,"PPO-PPO",1.0,-6.826621580000002,118784,233472,1,"Goal-v0",1,"discrete",1,1214,0.0,0.0003,0.0,0.2,0.07857608795166016,0.2110122678335756,570,-0.0027234500739723444,0.0,-5.056790541857481e-10
,,1.0,-6.783007170000001,120832,235520,,,3,"discrete",2,1132,0.0,0.0003,-1.1920928955078125e-07,0.2,0.09842876344919205,0.23487249277532102,580,-0.0027234500739723444,0.0,4.074536263942718e-11
,,1.0,-6.8491989,122880,237568,,,5,"discrete",3,1065,0.00012580943,0.0003,0.0,0.2,0.09093976020812988,0.23104456937871873,590,-0.00142927133529156,0.000439453125,-8.638907202112023e-05
20,"PPO-PPO",1.0,-6.9189088000000005,124928,245760,1,"Goal-v0",1,"discrete",1,1141,0.0,0.0003,0.0,0.2,0.10561808198690414,0.24629008062183858,600,-0.001326536020860658,0.0,-3.3178366720676423e-10
,,1.0,-6.908249959999999,126976,247808,,,4,"discrete",2,971,0.0,0.0003,0.0,0.2,0.10400699079036713,0.2235767190810293,610,-0.0013265355955809355,0.0,1.0622898116707802e-10
,,1.0,-6.84715729,129024,249856,,,6,"discrete",3,1000,0.0,0.0003,0.0,0.2,0.1198287159204483,0.2389421767555177,620,-0.0013265355955809355,0.0,6.955815479159355e-10
21,"PPO-PPO",1.0,-6.748427899999999,131072,258048,1,"Goal-v0",1,"discrete",1,1214,0.0,0.0003,0.0,0.2,0.10955780744552612,0.2331967239268124,630,-0.0013265355955809355,0.0,8.207280188798904e-10
,,1.0,-6.86000281,133120,260096,,,3,"discrete",2,1100,0.0,0.0003,1.1920928955078125e-07,0.2,0.12255600094795227,0.23751289565116168,640,-0.0013265355955809355,0.0,1.4086253941059112e-09
,,1.0,-6.84437371,135168,262144,,,5,"discrete",3,1074,0.0,0.0003,-1.1920928955078125e-07,0.2,0.12841200828552246,0.22603478301316499,650,-0.0013265355955809355,0.0,-1.5235855244100094e-09
22,"PPO-PPO",1.0,-6.731300999999999,137216,270336,1,"Goal-v0",1,"discrete",1,1194,0.0,0.0003,0.0,0.2,0.12412043660879135,0.23966140770353378,660,-0.0013265355955809355,0.0,-3.3469405025243757e-11
,,1.0,-6.872023219999997,139264,272384,,,3,"discrete",2,1122,0.0,0.0003,1.1920928955078125e-07,0.2,0.1369979828596115,0.2524560601450503,670,-0.0013265355955809355,0.0,-1.331500243395567e-09
,,1.0,-6.8733349,141312,274432,,,5,"discrete",3,1091,0.00020048354,0.0003,0.0,0.2,0.15057268738746643,0.24312224625609816,680,-0.0005412236057964037,0.000439453125,-5.791880976175889e-05
23,"PPO-PPO",1.0,-6.950806489999999,143360,282624,1,"Goal-v0",1,"discrete",1,1167,0.0,0.0003,5.960464477539063e-08,0.2,0.10654180496931076,0.24645820218138398,690,-0.000515939638898999,0.0,1.535227056592703e-10
,,1.0,-6.83064529,145408,284672,,,3,"discrete",2,1092,0.0,0.0003,0.0,0.2,0.14159010350704193,0.2639683363493532,700,-0.0005159396096132696,0.0,5.820766091346741e-11
,,1.0,-6.819870409999998,147456,286720,,,5,"discrete",3,1039,0.0,0.0003,-1.1920928955078125e-07,0.2,0.10472234338521957,0.2488314424874261,710,-0.0005159396096132696,0.0,-2.954038791358471e-10
24,"PPO-PPO",1.0,-6.8396302800000015,149504,294912,1,"Goal-v0",1,"discrete",1,1085,0.0,0.0003,0.0,0.2,0.106963612139225,0.2524310770910233,720,-0.0005159396096132696,0.0,-1.4391844160854817e-09
,,1.0,-6.797215039999998,151552,296960,,,3,"discrete",2,1053,0.0,0.0003,0.0,0.2,0.1585870385169983,0.25105225418228655,730,-0.0005159396096132696,0.0,6.45741238258779e-10
,,1.0,-6.809464829999999,153600,299008,,,6,"discrete",3,1003,0.0,0.0003,0.0,0.2,0.11454019695520401,0.24167703548446298,740,-0.0005159396096132696,0.0,3.7834979593753815e-10
25,"PPO-PPO",1.0,-6.773344390000001,155648,307200,1,"Goal-v0",1,"discrete",1,1216,0.0,0.0003,-1.1920928955078125e-07,0.2,0.14195559918880463,0.23404012774117292,750,-0.0005159392449058942,0.0,-6.984919309616089e-10
,,1.0,-6.727623219999999,157696,309248,,,3,"discrete",2,1103,0.0,0.0003,0.0,0.2,0.1076039969921112,0.2483021300751716,760,-0.0005159368438398815,0.0,2.881279215216637e-10
,,1.0,-6.798879110000001,159744,311296,,,5,"discrete",3,1058,0.0,0.0003,1.1920928955078125e-07,0.2,0.09769592434167862,0.2663694038055837,770,-0.000515939233082463,0.0,8.731149137020111e-10
26,"PPO-PPO",1.0,-6.84882053,161792,319488,1,"Goal-v0",2,"discrete",1,744,0.0,0.0003,0.0,0.2,0.12291242182254791,0.25890819954220207,780,-0.0005159459531569154,0.0,1.017178874462843e-09
,,1.0,-6.83118746,163840,321536,,,4,"discrete",2,856,0.0,0.0003,0.0,0.2,0.19738152623176575,0.27581609645858407,790,-0.0005159483922398067,0.0,1.1319571058265864e-09
,,1.0,-6.835843669999999,165888,323584,,,7,"discrete",3,811,0.0,0.0003,0.0,0.2,0.15008766949176788,0.26484788409434257,800,-0.0005159415784873999,0.0,7.632479537278414e-10
27,"PPO-PPO",1.0,-6.78245087,167936,331776,1,"Goal-v0",1,"discrete",1,1171,0.0,0.0003,0.0,0.2,0.13099659979343414,0.2778330972418189,810,-0.0005159448055565008,0.0,5.406036507338285e-10
,,1.0,-6.7894800700000015,169984,333824,,,3,"discrete",2,1102,0.0,0.0003,0.0,0.2,0.09479407966136932,0.2558560837991536,820,-0.0005159383086720482,0.0,6.519258022308349e-10
,,1.0,-6.696320480000002,172032,335872,,,5,"discrete",3,1074,0.0,0.0003,0.0,0.2,0.11067438125610352,0.2671617082785815,830,-0.0005159407555765938,0.0,-2.582964953035116e-11
28,"PPO-PPO",1.0,-6.730595720000001,174080,344064,1,"Goal-v0",1,"discrete",1,1226,8.507559e-05,0.0003,0.0,0.2,0.16009488701820374,0.27604985134676097,840,-0.00030244732970459155,0.000439453125,-1.946606280398555e-05
,,1.0,-6.775681,176128,346112,,,3,"discrete",2,1113,0.0,0.0003,0.0,0.2,0.13936106860637665,0.28420480522327124,850,-0.00028912254865645084,0.0,3.055902197957039e-11
,,1.0,-6.74626905,178176,348160,,,5,"discrete",3,1064,0.0,0.0003,0.0,0.2,0.13235116004943848,0.2677047164645046,860,-0.0002891201541388,0.0,1.2711097951978444e-09
29,"PPO-PPO",1.0,-6.728940189999999,180224,356352,1,"Goal-v0",1,"discrete",1,1195,0.0,0.0003,1.1920928955078125e-07,0.2,0.14123208820819855,0.26697402268182485,870,-0.00028912497273267943,0.0,-9.313225746154786e-11
,,1.0,-6.791715449999999,182272,358400,,,3,"discrete",2,1113,0.0,0.0003,0.0,0.2,0.12708912789821625,0.3602856176905334,880,-0.0002891260235628579,0.0,1.8626451492309571e-10
,,1.0,-6.810249229999999,184320,360448,,,5,"discrete",3,1059,0.0,0.0003,2.384185791015625e-07,0.2,0.1323416531085968,0.27921914411708715,890,-0.0002891338764129614,0.0,1.777516445145011e-09
30,"PPO-PPO",1.0,-6.767194339999999,186368,368640,1,"Goal-v0",1,"discrete",1,1157,0.0,0.0003,0.0,0.2,0.14648397266864777,0.30144272088073193,900,-0.00028914505337525044,0.0,-8.789356797933578e-10
,,1.0,-6.693874210000001,188416,370688,,,3,"discrete",2,1095,0.0,0.0003,1.1920928955078125e-07,0.2,0.15420696139335632,0.33253200771287084,910,-0.0002891484120482346,0.0,-3.7180143408477307e-10
,,1.0,-6.73240816,190464,372736,,,5,"discrete",3,1046,0.0,0.0003,0.0,0.2,0.16191627085208893,0.30967812761664393,920,-0.0002891412968892837,0.0,7.275957614183426e-12
31,"PPO-PPO",1.0,-6.6599087699999995,192512,380928,1,"Goal-v0",1,"discrete",1,1189,0.0,0.0003,-1.1920928955078125e-07,0.2,0.20934900641441345,0.299252952914685,930,-0.00028913641235703833,0.0,-9.85164660960436e-10
,,1.0,-6.74135467,194560,382976,,,3,"discrete",2,1114,0.0,0.0003,0.0,0.2,0.15562957525253296,0.3212235265877098,940,-0.0002891458608246467,0.0,-4.663888830691576e-10
,,1.0,-6.8163906,196608,385024,,,5,"discrete",3,1071,0.0,0.0003,0.0,0.2,0.13849005103111267,0.30118921217508615,950,-0.00028916040964759303,0.0,-6.242771632969379e-10
32,"PPO-PPO",1.0,-6.742456329999999,198656,393216,1,"Goal-v0",1,"discrete",1,1217,0.0,0.0003,0.0,0.2,0.18535974621772766,0.2976039073430002,960,-0.00028916406126882065,0.0,2.139131538569927e-10
,,1.0,-6.76496226,200704,395264,,,3,"discrete",2,1112,0.0,0.0003,0.0,0.2,0.14448028802871704,0.33603605078533294,970,-0.00028916383689647773,0.0,8.392817107960581e-10
,,1.0,-6.705633070000001,202752,397312,,,5,"discrete",3,1081,0.0,0.0003,0.0,0.2,0.16891345381736755,0.3005513914860785,980,-0.00028915346247231354,0.0,-1.2369127944111824e-09
33,"PPO-PPO",1.0,-6.8033473,204800,405504,1,"Goal-v0",1,"discrete",1,1162,0.0,0.0003,0.0,0.2,0.15057030320167542,0.30152929620817304,990,-0.00028916746159666216,0.0,-6.166374078020453e-10
,,1.0,-6.777198579999999,206848,407552,,,3,"discrete",2,1056,0.0,0.0003,-1.1920928955078125e-07,0.2,0.1718277484178543,0.36973756677471104,1000,-0.0002891876390094694,0.0,5.5297277867794034e-11
,,1.0,-6.787405550000001,208896,409600,,,6,"discrete",3,1019,0.0,0.0003,0.0,0.2,0.10423949360847473,0.313921178644523,1010,-0.00028916544833919034,0.0,-5.4569682106375694e-11
34,"PPO-PPO",1.0,-6.715204,210944,417792,1,"Goal-v0",1,"discrete",1,1171,0.0,0.0003,1.1920928955078125e-07,0.2,0.1340377926826477,0.31488357069902123,1020,-0.00028917133631694013,0.0,2.2846506908535956e-10
,,1.0,-6.829068100000001,212992,419840,,,3,"discrete",2,1099,0.0,0.0003,0.0,0.2,0.12699490785598755,0.31623146226629617,1030,-0.0002891902487135667,0.0,1.7826096154749393e-10
,,1.0,-6.80542299,215040,421888,,,5,"discrete",3,1052,0.0,0.0003,0.0,0.2,0.13656815886497498,0.3362454836722463,1040,-0.00028919275919179197,0.0,8.687493391335011e-10
35,"PPO-PPO",1.0,-6.704277189999999,217088,430080,1,"Goal-v0",1,"discrete",1,1214,0.0,0.0003,0.0,0.2,0.18157590925693512,0.3192986888345331,1050,-0.00028920110080434827,0.0,1.7025740817189216e-10
,,1.0,-6.781766639999998,219136,432128,,,3,"discrete",2,1116,0.0,0.0003,5.960464477539063e-08,0.2,0.1959761381149292,0.35055634533055124,1060,-0.000289161397904536,0.0,-6.213667802512646e-10
,,1.0,-6.85106043,221184,434176,,,5,"discrete",3,1064,0.0,0.0003,1.7881393432617188e-07,0.2,0.209549218416214,0.3304630128201097,1070,-0.0002891340520363883,0.0,1.7571437638252974e-09
36,"PPO-PPO",1.0,-6.81602871,223232,442368,1,"Goal-v0",1,"discrete",1,1197,0.0,0.0003,0.0,0.2,0.16144917905330658,0.33103449740447105,1080,-0.00028913230835314607,0.0,2.5902409106492997e-10
,,1.0,-6.839476020000001,225280,444416,,,3,"discrete",2,1104,0.0,0.0003,1.1920928955078125e-07,0.2,0.19539758563041687,0.33423082693479955,1090,-0.00028914530194015244,0.0,-5.333276931196451e-10
,,1.0,-6.748297529999999,227328,446464,,,5,"discrete",3,1087,0.0,0.0003,-1.1920928955078125e-07,0.2,0.14780288934707642,0.339896603859961,1100,-0.0002891237130825175,0.0,5.413312464952469e-10
37,"PPO-PPO",1.0,-6.72339397,229376,454656,1,"Goal-v0",1,"discrete",1,1153,0.0,0.0003,0.0,0.2,0.21035929024219513,0.33832162809558214,1110,-0.0002891185768930882,0.0,5.093170329928398e-11
,,1.0,-6.84823836,231424,456704,,,3,"discrete",2,1096,0.0,0.0003,0.0,0.2,0.13912075757980347,0.35124986111186446,1120,-0.0002891139442908752,0.0,-1.6443664208054544e-10
,,1.0,-6.790711859999999,233472,458752,,,5,"discrete",3,1056,0.0,0.0003,0.0,0.2,0.13506248593330383,0.33130483063869176,1130,-0.0002891101336899737,0.0,-1.1466909199953079e-09
38,"PPO-PPO",1.0,-6.8703728,235520,466944,1,"Goal-v0",1,"discrete",1,1209,0.0,0.0003,0.0,0.2,0.167377308011055,0.3167389291804284,1140,-0.0002891187921704841,0.0,1.5541445463895797e-09
,,1.0,-6.728925090000001,237568,468992,,,3,"discrete",2,1112,0.0,0.0003,0.0,0.2,0.17386940121650696,0.3381983081344515,1150,-0.00028910187656947526,0.0,4.4674379751086234e-10
,,1.0,-6.785650759999999,239616,471040,,,5,"discrete",3,1073,0.0,0.0003,0.0,0.2,0.131961390376091,0.3448779403232038,1160,-0.00028910377568536205,0.0,-2.0954757928848267e-10
39,"PPO-PPO",1.0,-6.8113303100000016,241664,479232,1,"Goal-v0",1,"discrete",1,1224,0.0,0.0003,0.0,0.2,0.18039758503437042,0.33826779993250966,1170,-0.00028911378294651515,0.0,-1.1263182386755944e-09
,,1.0,-6.69892042,243712,481280,,,3,"discrete",2,1095,0.0,0.0003,0.0,0.2,0.15147723257541656,0.36196631491184234,1180,-0.0002891183722567803,0.0,7.39237293601036e-10
,,1.0,-6.840937540000001,245760,483328,,,5,"discrete",3,1080,0.0,0.0003,0.0,0.2,0.15052127838134766,0.3462536186911166,1190,-0.0002891073472710559,0.0,-6.024492904543876e-10
40,"PPO-PPO",1.0,-6.77317794,247808,491520,1,"Goal-v0",1,"discrete",1,1158,0.0,0.0003,5.960464477539063e-08,0.2,0.16378645598888397,0.3432012605946511,1200,-0.00028906639972774427,0.0,-4.802132025361061e-10
,,1.0,-6.76043808,249856,493568,,,3,"discrete",2,1100,0.0,0.0003,0.0,0.2,0.12107817828655243,0.3546069310046732,1210,-0.0002890723605560197,0.0,-1.0622898116707802e-10
,,1.0,-6.6968007,251904,495616,,,5,"discrete",3,1074,0.0,0.0003,0.0,0.2,0.164445698261261,0.3466109637636691,1220,-0.0002890518518142926,0.0,-5.835318006575108e-10
41,"PPO-PPO",1.0,-6.76845442,253952,503808,1,"Goal-v0",1,"discrete",1,1158,0.00026961125,0.0003,0.0,0.2,0.18122142553329468,0.35154734663665294,1230,-0.0005448067307042947,0.000390625,1.2961136235389858e-06
,,1.0,-6.7333171300000005,256000,505856,,,3,"discrete",2,1091,0.0,0.0003,5.960464477539063e-08,0.2,0.14681555330753326,0.33966333805583415,1240,-0.0006383008720149518,0.0,7.661583367735147e-10
,,1.0,-6.783908159999998,258048,507904,,,5,"discrete",3,1055,0.0,0.0003,-1.1920928955078125e-07,0.2,0.14353501796722412,0.3662736412603408,1250,-0.0006383002077200217,0.0,-1.340231392532587e-09
42,"PPO-PPO",1.0,-6.7840485,260096,516096,1,"Goal-v0",2,"discrete",1,967,0.0,0.0003,5.960464477539063e-08,0.2,0.18851681053638458,0.34773071119561794,1260,-0.0006382994673913345,0.0,-4.69299266114831e-10
,,1.0,-6.815876460000001,262144,518144,,,4,"discrete",2,871,0.0,0.0003,0.0,0.2,0.18471135199069977,0.3468737209681422,1270,-0.000638299670208653,0.0,2.168235369026661e-10
,,1.0,-6.80401445,264192,520192,,,7,"discrete",3,869,0.0,0.0003,-1.1920928955078125e-07,0.2,0.20810356736183167,0.3512771196197718,1280,-0.0006383004321833142,0.0,1.095759216696024e-09
43,"PPO-PPO",1.0,-6.730911140000001,266240,528384,1,"Goal-v0",2,"discrete",1,974,0.0002278559,0.0003,5.960464477539063e-08,0.2,0.1788521707057953,0.34643636238761244,1290,-0.0002535557926876209,0.000439453125,-6.633382945437915e-05
,,1.0,-6.662293299999999,268288,530432,,,4,"discrete",2,884,0.0,0.0003,-1.1920928955078125e-07,0.2,0.141575887799263,0.3624388971365988,1300,-0.00023089803862603732,0.0,1.7462298274040222e-10
,,1.0,-6.65374793,270336,532480,,,7,"discrete",3,865,0.0,0.0003,0.0,0.2,0.1721930056810379,0.3392211014870554,1310,-0.00023089803289622068,0.0,7.261405698955059e-10
44,"PPO-PPO",1.0,-6.726947779999998,272384,540672,1,"Goal-v0",2,"discrete",1,986,0.0,0.0003,0.0,0.2,0.15274293720722198,0.3496912382543087,1320,-0.00023089803289622068,0.0,-9.007635526359081e-10
,,1.0,-6.757562419999999,274432,542720,,,4,"discrete",2,911,0.0,0.0003,-1.1920928955078125e-07,0.2,0.1546110063791275,0.3776525981258601,1330,-0.00023089803289622068,0.0,-1.6898411558941008e-10
,,1.0,-6.83407268,276480,544768,,,6,"discrete",3,892,0.0,0.0003,0.0,0.2,0.19145548343658447,0.36080959588289263,1340,-0.00023089810379133268,0.0,6.693881005048752e-10
45,"PPO-PPO",1.0,-6.72347267,278528,552960,1,"Goal-v0",2,"discrete",1,981,0.0,0.0003,0.0,0.2,0.15500986576080322,0.34949310664087535,1350,-0.0002308980246198189,0.0,-2.1143932826817037e-09
,,1.0,-6.70115504,280576,555008,,,4,"discrete",2,896,0.0,0.0003,0.0,0.2,0.1896156519651413,0.3542689142283052,1360,-0.0002308979297595215,0.0,-9.509676601737737e-10
,,1.0,-6.740899690000001,282624,557056,,,6,"discrete",3,892,0.0,0.0003,-1.1920928955078125e-07,0.2,0.1910124570131302,0.35020200042054056,1370,-0.0002308973985236662,0.0,3.055902197957039e-11
46,"PPO-PPO",1.0,-6.728434589999998,284672,565248,1,"Goal-v0",2,"discrete",1,958,0.0,0.0003,0.0,0.2,0.12683218717575073,0.3392263882327825,1380,-0.000230894773358159,0.0,6.439222488552332e-10
,,1.0,-6.683641799999999,286720,567296,,,4,"discrete",2,893,0.0,0.0003,-1.1920928955078125e-07,0.2,0.15932346880435944,1.9265618304722012,1390,-0.00023089209612408012,0.0,-1.3096723705530167e-11
,,1.0,-6.74904796,288768,569344,,,7,"discrete",3,876,0.0,0.0003,0.0,0.2,0.14958740770816803,0.3367370028980076,1400,-0.00023089258993422846,0.0,-1.469743438065052e-10
47,"PPO-PPO",1.0,-6.6933763299999995,290816,577536,1,"Goal-v0",2,"discrete",1,1020,0.0,0.0003,0.0,0.2,0.16174796223640442,0.3457292674575001,1410,-0.00023089380297278695,0.0,2.371962182223797e-10
,,1.0,-6.696372829999999,292864,579584,,,4,"discrete",2,919,0.0,0.0003,0.0,0.2,0.17933914065361023,0.3389566399622709,1420,-0.00023089745636752922,0.0,3.8853613659739493e-10
,,1.0,-6.85954968,294912,581632,,,6,"discrete",3,886,0.0,0.0003,0.0,0.2,0.21982735395431519,0.341360199637711,1430,-0.00023089816722858813,0.0,2.0372681319713593e-10
48,"PPO-PPO",1.0,-6.77148499,296960,589824,1,"Goal-v0",2,"discrete",1,1023,0.0,0.0003,-1.1920928955078125e-07,0.2,0.24001243710517883,0.3609081360977143,1440,-0.00023089870960575355,0.0,-1.5483237802982331e-09
,,1.0,-6.821325819999999,299008,591872,,,4,"discrete",2,943,0.0002451188,0.0003,5.960464477539063e-08,0.2,0.21351377665996552,0.34264940503053365,1450,-9.069050622656505e-05,0.000439453125,-6.147005406091921e-05
,,1.0,-6.663701249999998,301056,593920,,,6,"discrete",3,907,0.0,0.0003,0.0,0.2,0.1581580489873886,0.3425884593743831,1460,-8.046422590268776e-05,0.0,-9.691575542092322e-10
49,"PPO-PPO",1.0,-6.749699810000001,303104,602112,1,"Goal-v0",1,"discrete",1,1030,0.0,0.0003,-1.1920928955078125e-07,0.2,0.19128639996051788,0.3292178648058325,1470,-8.046422590268776e-05,0.0,-9.051291272044182e-10
,,1.0,-6.73965404,305152,604160,,,4,"discrete",2,935,0.0,0.0003,-1.1920928955078125e-07,0.2,0.16653409600257874,0.3351173855829984,1480,-8.046422590268776e-05,0.0,-1.0870280675590039e-09
,,1.0,-6.812816260000001,307200,606208,,,6,"discrete",3,918,0.0,0.0003,0.0,0.2,0.175354465842247,0.3684428751002997,1490,-8.046422590268776e-05,0.0,-9.160430636256934e-10
50,"PPO-PPO",1.0,-6.75797969,309248,614400,1,"Goal-v0",1,"discrete",1,1026,0.0,0.0003,0.0,0.2,0.18907421827316284,0.3574286094401032,1500,-8.046418633966823e-05,0.0,2.232263796031475e-09
,,1.0,-6.75842129,311296,616448,,,4,"discrete",2,899,0.0,0.0003,0.0,0.2,0.10424162447452545,0.35100324363447727,1510,-8.046427674344159e-05,0.0,1.1685187928378582e-09
,,1.0,-6.721806640000002,313344,618496,,,6,"discrete",3,884,0.0,0.0003,1.7881393432617188e-07,0.2,0.20035386085510254,0.3534793188329786,1520,-8.046428411034867e-05,0.0,1.6400008462369442e-09
51,"PPO-PPO",1.0,-6.6573181,315392,626688,1,"Goal-v0",1,"discrete",1,1038,0.0,0.0003,0.0,0.2,0.23978862166404724,0.3683525541331619,1530,-8.046432765240752e-05,0.0,-4.5838532969355583e-10
,,1.0,-6.852405930000001,317440,628736,,,4,"discrete",2,948,0.0,0.0003,0.0,0.2,0.18724790215492249,1.9285518108401447,1540,-8.046476498293486e-05,0.0,2.8958311304450033e-10
,,1.0,-6.657307480000001,319488,630784,,,6,"discrete",3,928,0.0,0.0003,5.960464477539063e-08,0.2,0.24979165196418762,0.33883632156066595,1550,-8.046513078170392e-05,0.0,6.679329089820385e-10
52,"PPO-PPO",1.0,-6.76626613,321536,638976,1,"Goal-v0",1,"discrete",1,1026,0.0,0.0003,0.0,0.2,0.17076517641544342,0.36672559324651954,1560,-8.046566524626542e-05,0.0,-7.203198038041592e-10
,,1.0,-6.78399769,323584,641024,,,4,"discrete",2,940,0.0,0.0003,0.0,0.2,0.13415643572807312,0.3603095151949674,1570,-8.046577038385294e-05,0.0,-1.0186340659856796e-11
,,1.0,-6.621620080000001,325632,643072,,,6,"discrete",3,913,0.0,0.0003,0.0,0.2,0.2035396844148636,0.3425557784736156,1580,-8.046652458233438e-05,0.0,-7.028575055301189e-10
53,"PPO-PPO",1.0,-6.78077499,327680,651264,1,"Goal-v0",2,"discrete",1,972,0.0,0.0003,5.960464477539063e-08,0.2,0.14894209802150726,0.34357021674513816,1590,-8.046616949286545e-05,0.0,5.049514584243298e-10
,,1.0,-6.683838400000001,329728,653312,,,4,"discrete",2,892,0.0,0.0003,-1.1920928955078125e-07,0.2,0.1483534276485443,1.9152030415367336,1600,-8.046699495025677e-05,0.0,-6.83940015733242e-10
,,1.0,-6.6037992999999995,331776,655360,,,7,"discrete",3,864,0.0,0.0003,0.0,0.2,0.12125823646783829,0.3332776220981032,1610,-8.046753018788876e-05,0.0,-1.266016624867916e-10
54,"PPO-PPO",1.0,-6.63439242,333824,663552,1,"Goal-v0",2,"discrete",1,1009,0.0,0.0003,0.0,0.2,0.23704993724822998,0.3528059516567737,1620,-8.046706921049918e-05,0.0,1.0331859812140464e-10
,,1.0,-6.60651177,335872,665600,,,4,"discrete",2,926,0.0,0.0003,0.0,0.2,0.22255977988243103,0.3748942932114005,1630,-8.046816249134281e-05,0.0,9.022187441587448e-11
,,1.0,-6.734933729999999,337920,667648,,,6,"discrete",3,905,0.0,0.0003,0.0,0.2,0.1843433827161789,0.3704252726398408,1640,-8.046915220347728e-05,0.0,-4.045432433485985e-10
55,"PPO-PPO",1.0,-6.65730701,339968,675840,1,"Goal-v0",2,"discrete",1,994,0.0,0.0003,0.0,0.2,0.1497219204902649,0.3567514527589083,1650,-8.046874772844603e-05,0.0,6.5483618527650835e-12
,,1.0,-6.688309909999999,342016,677888,,,4,"discrete",2,925,0.0,0.0003,5.960464477539063e-08,0.2,0.20053428411483765,1.9352873214520514,1660,-8.047300564157922e-05,0.0,-1.7753336578607558e-10
,,1.0,-6.60858956,344064,679936,,,6,"discrete",3,903,0.0,0.0003,0.0,0.2,0.20889444649219513,0.355026536481455,1670,-8.047279784477724e-05,0.0,1.4551915228366852e-09
56,"PPO-PPO",1.0,-6.7632654500000005,346112,688128,1,"Goal-v0",2,"discrete",1,1002,0.0,0.0003,0.0,0.2,0.14764776825904846,0.35704094781540335,1680,-8.047153824009001e-05,0.0,-9.051291272044182e-10
,,1.0,-6.67531962,348160,690176,,,4,"discrete",2,932,0.0,0.0003,0.0,0.2,0.1953422874212265,0.35194287630729376,1690,-8.04702969844584e-05,0.0,5.449692253023386e-10
,,1.0,-6.645510680000001,350208,692224,,,6,"discrete",3,905,0.0,0.0003,0.0,0.2,0.2094104290008545,0.3659540669526905,1700,-8.046919147091103e-05,0.0,-1.631269697099924e-09
57,"PPO-PPO",1.0,-6.736242709999999,352256,700416,1,"Goal-v0",1,"discrete",1,1055,0.0,0.0003,0.0,0.2,0.19212864339351654,0.3502299113199115,1710,-8.046723703500903e-05,0.0,9.997165761888028e-10
,,1.0,-6.73426524,354304,702464,,,4,"discrete",2,941,0.0,0.0003,0.0,0.2,0.15306617319583893,0.35386703847907486,1720,-8.046690766150277e-05,0.0,-1.178705133497715e-09
,,1.0,-6.695793599999999,356352,704512,,,6,"discrete",3,904,0.0,0.0003,-1.1920928955078125e-07,0.2,0.1737871766090393,0.3574823330156505,1730,-8.047256546888093e-05,0.0,8.141796570271254e-10
58,"PPO-PPO",1.0,-6.700345759999999,358400,712704,1,"Goal-v0",2,"discrete",1,986,0.0,0.0003,0.0,0.2,0.16034235060214996,0.3677450562827289,1740,-8.0477496567255e-05,0.0,-6.60656951367855e-10
,,1.0,-6.67446919,360448,714752,,,4,"discrete",2,914,0.0,0.0003,-1.1920928955078125e-07,0.2,0.18610946834087372,0.3725220799911767,1750,-8.048027602853835e-05,0.0,-1.4893885236233472e-09
,,1.0,-6.74834045,362496,716800,,,6,"discrete",3,884,0.0,0.0003,-1.1920928955078125e-07,0.2,0.16990873217582703,0.37341554295271634,1760,-8.048122742820851e-05,0.0,1.2732925824820995e-10
